id_student,week_from,sum_click,logins,resourceViews,submissions
6516,-4,110,0,110,0
6516,-3,48,0,48,0
6516,-2,2,0,2,0
6516,-1,96,0,96,0
6516,0,229,0,229,0
6516,1,42,0,42,0
6516,2,79,0,79,0
6516,3,193,0,193,0
6516,4,69,0,69,0
6516,5,34,0,34,0
6516,6,10,0,10,0
6516,7,93,0,93,0
6516,8,57,0,57,0
6516,9,61,0,61,0
6516,10,125,0,125,0
6516,11,46,0,46,0
6516,12,2,0,2,0
6516,13,3,0,3,0
6516,14,18,0,18,0
6516,15,33,0,33,0
6516,16,76,0,76,0
6516,17,17,0,17,0
6516,18,151,0,151,0
6516,19,111,0,111,0
6516,20,38,0,38,0
6516,22,44,0,44,0
6516,23,103,0,103,0
6516,24,173,0,173,0
6516,25,87,0,87,0
6516,26,36,0,36,0
6516,27,90,0,90,0
6516,28,49,0,49,0
6516,29,90,0,90,0
6516,30,55,0,55,0
6516,31,54,0,54,0
6516,32,119,0,119,0
6516,33,79,0,79,0
6516,34,67,0,67,0
6516,38,2,0,2,0
8462,-1,81,0,81,0
8462,0,81,0,81,0
8462,1,156,0,156,0
8462,2,9,0,9,0
8462,3,23,0,23,0
8462,4,79,0,79,0
8462,5,18,0,18,0
8462,6,63,0,63,0
8462,7,17,0,17,0
8462,8,10,0,10,0
8462,10,23,0,23,0
8462,11,5,0,5,0
8462,12,52,0,52,0
8462,13,17,0,17,0
8462,14,1,0,1,0
8462,15,9,0,9,0
8462,16,12,0,12,0
11391,-1,98,0,98,0
11391,0,183,0,183,0
11391,1,20,0,20,0
11391,2,100,0,100,0
11391,4,26,0,26,0
11391,5,60,0,60,0
11391,6,22,0,22,0
11391,7,20,0,20,0
11391,9,16,0,16,0
11391,10,9,0,9,0
11391,11,31,0,31,0
11391,12,2,0,2,0
11391,13,5,0,5,0
11391,14,27,0,27,0
11391,15,9,0,9,0
11391,17,27,0,27,0
11391,18,55,0,55,0
11391,21,1,0,1,0
11391,22,2,0,2,0
11391,26,29,0,29,0
11391,27,6,0,6,0
11391,30,43,0,43,0
11391,31,35,0,35,0
11391,33,15,0,15,0
11391,34,85,0,85,0
11391,35,7,0,7,0
11391,36,1,0,1,0
23629,-1,14,0,14,0
23629,0,23,0,23,0
23629,1,5,0,5,0
23629,2,9,0,9,0
23629,3,2,0,2,0
23629,5,8,0,8,0
23629,7,23,0,23,0
23629,8,35,0,35,0
23629,9,10,0,10,0
23629,10,2,0,2,0
23629,12,30,0,30,0
23698,-3,4,0,4,0
23698,-2,87,0,87,0
23698,-1,90,0,90,0
23698,0,25,0,25,0
23698,1,140,0,140,0
23698,2,6,0,6,0
23698,3,13,0,13,0
23698,4,4,0,4,0
23698,5,14,0,14,0
23698,7,9,0,9,0
23698,8,10,0,10,0
23698,9,104,0,104,0
23698,13,1,0,1,0
23698,15,10,0,10,0
23698,17,11,0,11,0
23698,18,99,0,99,0
23698,19,66,0,66,0
23698,20,21,0,21,0
23698,21,1,0,1,0
23698,22,30,0,30,0
23698,23,1,0,1,0
23698,25,2,0,2,0
23698,26,17,0,17,0
23698,27,3,0,3,0
23698,29,34,0,34,0
23698,30,105,0,105,0
23698,33,3,0,3,0
23798,-1,6,0,6,0
23798,0,4,0,4,0
23798,1,84,0,84,0
23798,2,21,0,21,0
23798,3,25,0,25,0
23798,4,36,0,36,0
23798,5,15,0,15,0
23798,6,4,0,4,0
23798,8,17,0,17,0
23798,9,6,0,6,0
23798,10,18,0,18,0
23798,11,23,0,23,0
23798,12,4,0,4,0
23798,13,14,0,14,0
23798,14,15,0,15,0
23798,15,12,0,12,0
23798,16,7,0,7,0
23798,17,7,0,7,0
23798,18,37,0,37,0
23798,19,16,0,16,0
23798,20,2,0,2,0
23798,21,9,0,9,0
23798,22,6,0,6,0
23798,23,64,0,64,0
23798,24,13,0,13,0
23798,26,11,0,11,0
23798,27,2,0,2,0
23798,28,18,0,18,0
23798,29,74,0,74,0
23798,30,2,0,2,0
23798,33,7,0,7,0
23798,34,6,0,6,0
23798,35,3,0,3,0
23798,38,2,0,2,0
24186,-1,12,0,12,0
24186,0,2,0,2,0
24186,2,4,0,4,0
24186,4,5,0,5,0
24186,5,3,0,3,0
24186,7,1,0,1,0
24186,9,8,0,8,0
24186,10,15,0,15,0
24186,11,2,0,2,0
24186,15,1,0,1,0
24186,16,1,0,1,0
24186,22,49,0,49,0
24186,23,18,0,18,0
24186,29,55,0,55,0
24186,30,4,0,4,0
24186,32,2,0,2,0
24186,33,1,0,1,0
24186,34,1,0,1,0
24213,-2,2,0,2,0
24213,-1,1,0,1,0
24213,0,220,0,220,0
24213,1,101,0,101,0
24213,2,48,0,48,0
24213,3,125,0,125,0
24213,4,48,0,48,0
24213,5,36,0,36,0
24213,6,53,0,53,0
24213,7,61,0,61,0
24213,8,52,0,52,0
24213,9,29,0,29,0
24213,10,66,0,66,0
24213,11,55,0,55,0
24213,12,26,0,26,0
24213,14,18,0,18,0
24213,15,24,0,24,0
24213,16,39,0,39,0
24213,17,115,0,115,0
24213,18,35,0,35,0
24213,19,26,0,26,0
24213,20,23,0,23,0
24213,21,170,0,170,0
24213,22,68,0,68,0
24213,23,75,0,75,0
24213,24,88,0,88,0
24213,25,6,0,6,0
24213,26,24,0,24,0
24213,27,53,0,53,0
24213,28,118,0,118,0
24213,29,27,0,27,0
24213,30,88,0,88,0
24213,31,12,0,12,0
24213,32,37,0,37,0
24213,33,23,0,23,0
24391,0,13,0,13,0
24391,1,12,0,12,0
24391,2,17,0,17,0
24391,3,25,0,25,0
24391,4,8,0,8,0
24391,5,3,0,3,0
24391,6,10,0,10,0
24391,7,4,0,4,0
24391,8,8,0,8,0
24391,10,4,0,4,0
24391,12,9,0,9,0
24391,13,62,0,62,0
24391,14,21,0,21,0
24391,15,18,0,18,0
24391,16,7,0,7,0
24391,17,38,0,38,0
24391,18,4,0,4,0
24391,19,32,0,32,0
24391,20,26,0,26,0
24391,21,17,0,17,0
24391,22,36,0,36,0
24391,23,48,0,48,0
24391,24,2,0,2,0
24391,25,5,0,5,0
24391,26,55,0,55,0
24391,27,26,0,26,0
24391,28,68,0,68,0
24391,30,108,0,108,0
24391,31,17,0,17,0
24391,32,8,0,8,0
24391,35,1,0,1,0
24734,-3,20,0,20,0
24734,-2,10,0,10,0
24734,0,7,0,7,0
24734,1,13,0,13,0
24734,2,37,0,37,0
24734,3,20,0,20,0
24734,4,15,0,15,0
24734,6,2,0,2,0
24734,8,17,0,17,0
24734,9,30,0,30,0
24734,10,2,0,2,0
24734,11,3,0,3,0
24734,12,13,0,13,0
24734,13,6,0,6,0
24734,14,8,0,8,0
24734,15,1,0,1,0
24734,16,24,0,24,0
24734,17,16,0,16,0
24734,18,3,0,3,0
24734,19,9,0,9,0
24734,21,1,0,1,0
24734,23,19,0,19,0
24734,25,15,0,15,0
24734,26,12,0,12,0
24734,27,4,0,4,0
24734,28,8,0,8,0
24734,29,41,0,41,0
24734,30,31,0,31,0
24734,31,22,0,22,0
24734,32,2,0,2,0
24734,33,80,0,80,0
24734,34,6,0,6,0
24734,36,2,0,2,0
25107,-2,1,0,1,0
25107,-1,4,0,4,0
25107,0,10,0,10,0
25107,2,66,0,66,0
25107,3,3,0,3,0
25107,4,6,0,6,0
25107,5,35,0,35,0
25107,6,21,0,21,0
25107,7,28,0,28,0
25107,8,45,0,45,0
25107,9,77,0,77,0
25107,10,72,0,72,0
25107,11,33,0,33,0
25107,12,311,0,311,0
25107,13,597,0,597,0
25107,14,105,0,105,0
25107,15,22,0,22,0
25107,16,34,0,34,0
25107,17,36,0,36,0
25107,18,24,0,24,0
25107,19,7,0,7,0
25107,20,27,0,27,0
25107,21,100,0,100,0
25107,22,20,0,20,0
25107,23,297,0,297,0
25107,24,129,0,129,0
25107,25,17,0,17,0
25107,26,17,0,17,0
25107,27,191,0,191,0
25107,29,30,0,30,0
25107,31,50,0,50,0
25107,32,139,0,139,0
25107,33,6,0,6,0
25107,34,2,0,2,0
25150,-3,18,0,18,0
25150,-2,8,0,8,0
25150,-1,25,0,25,0
25150,0,7,0,7,0
25150,1,9,0,9,0
25150,2,111,0,111,0
25150,3,88,0,88,0
25150,4,41,0,41,0
25150,5,2,0,2,0
25150,6,6,0,6,0
25150,7,111,0,111,0
25150,8,32,0,32,0
25150,9,99,0,99,0
25150,10,31,0,31,0
25150,11,22,0,22,0
25150,12,36,0,36,0
25150,13,31,0,31,0
25150,14,35,0,35,0
25150,15,35,0,35,0
25150,16,54,0,54,0
25150,17,97,0,97,0
25150,18,311,0,311,0
25150,19,52,0,52,0
25150,20,215,0,215,0
25150,21,108,0,108,0
25150,22,85,0,85,0
25150,23,157,0,157,0
25150,24,50,0,50,0
25150,25,36,0,36,0
25150,26,22,0,22,0
25150,27,12,0,12,0
25150,28,37,0,37,0
25150,29,17,0,17,0
25150,30,45,0,45,0
25150,31,22,0,22,0
25150,32,36,0,36,0
25261,-3,52,0,52,0
25261,-2,11,0,11,0
25261,-1,138,0,138,0
25261,0,187,0,187,0
25261,1,126,0,126,0
25261,2,154,0,154,0
25261,3,66,0,66,0
25261,4,85,0,85,0
25261,5,139,0,139,0
25261,6,30,0,30,0
25261,7,7,0,7,0
25261,9,2,0,2,0
25572,-4,2,0,2,0
25572,-3,1,0,1,0
25572,-2,4,0,4,0
25572,-1,1,0,1,0
25572,0,12,0,12,0
25572,1,18,0,18,0
25572,2,29,0,29,0
25572,4,9,0,9,0
25572,5,28,0,28,0
25572,6,1,0,1,0
25572,7,1,0,1,0
25572,8,5,0,5,0
25572,12,1,0,1,0
25572,13,1,0,1,0
25629,-2,4,0,4,0
25629,-1,1,0,1,0
25629,0,11,0,11,0
25997,5,13,0,13,0
26023,-2,9,0,9,0
26023,-1,27,0,27,0
26023,0,47,0,47,0
26023,1,5,0,5,0
26023,2,5,0,5,0
26023,3,11,0,11,0
26023,4,10,0,10,0
26023,6,12,0,12,0
26023,8,19,0,19,0
26023,10,3,0,3,0
26023,11,4,0,4,0
26023,12,3,0,3,0
26023,13,95,0,95,0
26023,14,14,0,14,0
26023,17,29,0,29,0
26023,18,123,0,123,0
26023,19,10,0,10,0
26023,20,13,0,13,0
26023,21,60,0,60,0
26023,22,3,0,3,0
26023,23,4,0,4,0
26023,24,5,0,5,0
26023,25,44,0,44,0
26023,26,10,0,10,0
26023,27,24,0,24,0
26023,28,20,0,20,0
26023,29,60,0,60,0
26023,31,20,0,20,0
26023,32,2,0,2,0
26023,33,16,0,16,0
26023,34,15,0,15,0
26023,35,61,0,61,0
26023,36,3,0,3,0
26192,-2,142,0,142,0
26192,-1,99,0,99,0
26192,0,175,0,175,0
26192,1,79,0,79,0
26192,2,117,0,117,0
26192,3,153,0,153,0
26192,4,73,0,73,0
26192,5,55,0,55,0
26192,6,19,0,19,0
26192,7,149,0,149,0
26192,8,40,0,40,0
26192,10,26,0,26,0
26192,12,40,0,40,0
26192,13,53,0,53,0
26192,14,72,0,72,0
26192,15,50,0,50,0
26192,16,81,0,81,0
26192,17,63,0,63,0
26192,18,132,0,132,0
26192,19,81,0,81,0
26192,20,47,0,47,0
26192,21,47,0,47,0
26192,22,19,0,19,0
26192,23,71,0,71,0
26192,24,13,0,13,0
26192,25,20,0,20,0
26192,27,55,0,55,0
26192,28,3,0,3,0
26192,29,14,0,14,0
26192,30,85,0,85,0
26192,31,3,0,3,0
26192,32,1,0,1,0
26192,33,6,0,6,0
26192,34,139,0,139,0
26192,36,1,0,1,0
26211,-3,22,0,22,0
26211,-2,87,0,87,0
26211,-1,199,0,199,0
26211,0,406,0,406,0
26211,1,472,0,472,0
26211,2,693,0,693,0
26211,3,370,0,370,0
26211,4,504,0,504,0
26211,5,411,0,411,0
26211,6,966,0,966,0
26211,7,577,0,577,0
26211,8,498,0,498,0
26211,9,406,0,406,0
26211,10,455,0,455,0
26211,11,497,0,497,0
26211,12,290,0,290,0
26211,13,408,0,408,0
26211,14,453,0,453,0
26211,15,471,0,471,0
26211,16,376,0,376,0
26211,17,242,0,242,0
26211,18,458,0,458,0
26211,19,656,0,656,0
26211,20,298,0,298,0
26211,21,381,0,381,0
26211,22,259,0,259,0
26211,23,133,0,133,0
26211,24,584,0,584,0
26211,25,450,0,450,0
26211,26,491,0,491,0
26211,27,450,0,450,0
26211,28,489,0,489,0
26211,29,387,0,387,0
26211,30,527,0,527,0
26211,31,212,0,212,0
26211,32,224,0,224,0
26211,33,399,0,399,0
26211,34,4,0,4,0
26247,-2,75,0,75,0
26247,-1,36,0,36,0
26247,0,109,0,109,0
26247,2,144,0,144,0
26247,3,114,0,114,0
26315,-2,102,0,102,0
26315,-1,35,0,35,0
26315,0,144,0,144,0
26315,1,1,0,1,0
26315,2,70,0,70,0
26315,3,17,0,17,0
26315,4,1,0,1,0
26315,5,147,0,147,0
26315,6,30,0,30,0
26315,7,110,0,110,0
26315,8,32,0,32,0
26315,11,13,0,13,0
26315,12,47,0,47,0
26315,14,152,0,152,0
26315,15,124,0,124,0
26315,16,25,0,25,0
26315,17,19,0,19,0
26315,18,68,0,68,0
26315,19,57,0,57,0
26315,20,110,0,110,0
26315,21,149,0,149,0
26315,22,10,0,10,0
26315,23,56,0,56,0
26315,24,184,0,184,0
26315,25,45,0,45,0
26315,26,22,0,22,0
26315,27,49,0,49,0
26315,28,143,0,143,0
26315,29,201,0,201,0
26315,30,3,0,3,0
26315,32,84,0,84,0
26315,33,180,0,180,0
26315,34,16,0,16,0
26315,35,1,0,1,0
26315,36,4,0,4,0
26734,-2,1,0,1,0
26734,-1,6,0,6,0
26734,0,52,0,52,0
26734,1,26,0,26,0
26734,2,12,0,12,0
26734,3,5,0,5,0
26734,4,1,0,1,0
26734,5,8,0,8,0
26734,6,1,0,1,0
26734,8,5,0,5,0
26734,11,4,0,4,0
26734,12,56,0,56,0
26734,13,15,0,15,0
26734,14,3,0,3,0
26734,18,13,0,13,0
26734,19,2,0,2,0
26915,-2,23,0,23,0
26915,-1,11,0,11,0
26915,0,19,0,19,0
26915,1,7,0,7,0
26915,4,1,0,1,0
27116,-2,12,0,12,0
27116,-1,16,0,16,0
27116,0,19,0,19,0
27116,1,155,0,155,0
27116,2,107,0,107,0
27116,3,35,0,35,0
27116,4,84,0,84,0
27116,5,85,0,85,0
27116,6,17,0,17,0
27116,7,17,0,17,0
27116,8,14,0,14,0
27116,9,175,0,175,0
27116,10,38,0,38,0
27116,12,10,0,10,0
27116,13,73,0,73,0
27116,14,17,0,17,0
27116,15,50,0,50,0
27116,16,42,0,42,0
27116,17,26,0,26,0
27116,18,37,0,37,0
27116,19,84,0,84,0
27116,20,76,0,76,0
27116,21,23,0,23,0
27116,22,64,0,64,0
27116,23,21,0,21,0
27116,24,6,0,6,0
27116,25,76,0,76,0
27116,26,17,0,17,0
27116,28,32,0,32,0
27116,29,171,0,171,0
27116,30,48,0,48,0
27116,31,21,0,21,0
27116,32,33,0,33,0
27116,33,52,0,52,0
27116,34,62,0,62,0
27116,35,14,0,14,0
27116,36,2,0,2,0
27116,37,9,0,9,0
27116,38,7,0,7,0
27189,0,107,0,107,0
27189,1,92,0,92,0
27189,3,30,0,30,0
27189,5,19,0,19,0
27189,6,59,0,59,0
27189,7,93,0,93,0
27189,8,19,0,19,0
27189,9,343,0,343,0
27189,10,17,0,17,0
27189,11,16,0,16,0
27189,12,59,0,59,0
27189,13,86,0,86,0
27189,14,2,0,2,0
27189,16,4,0,4,0
27189,18,188,0,188,0
27189,19,354,0,354,0
27189,20,269,0,269,0
27189,22,9,0,9,0
27189,24,87,0,87,0
27189,25,18,0,18,0
27189,31,235,0,235,0
27189,32,532,0,532,0
27417,-4,1,0,1,0
27417,-2,13,0,13,0
27417,0,9,0,9,0
27417,1,42,0,42,0
27417,4,38,0,38,0
27417,5,110,0,110,0
27417,6,26,0,26,0
27417,7,26,0,26,0
27417,8,83,0,83,0
27417,9,2,0,2,0
27417,11,17,0,17,0
27417,12,7,0,7,0
27417,14,7,0,7,0
27417,15,19,0,19,0
27417,16,16,0,16,0
27417,18,6,0,6,0
27417,19,5,0,5,0
27417,20,34,0,34,0
27417,22,12,0,12,0
27417,23,28,0,28,0
27417,25,7,0,7,0
27417,26,2,0,2,0
27683,-1,2,0,2,0
27683,0,2,0,2,0
27683,1,35,0,35,0
27683,2,56,0,56,0
27683,3,78,0,78,0
27683,4,43,0,43,0
27683,5,18,0,18,0
27683,6,98,0,98,0
27683,7,17,0,17,0
27683,8,312,0,312,0
27683,12,12,0,12,0
27683,13,11,0,11,0
27683,14,14,0,14,0
27683,17,138,0,138,0
27683,18,148,0,148,0
27683,20,73,0,73,0
27683,21,22,0,22,0
27683,22,14,0,14,0
27683,24,57,0,57,0
27683,27,154,0,154,0
27683,28,5,0,5,0
27683,29,225,0,225,0
27683,30,2,0,2,0
27683,32,591,0,591,0
27683,33,2,0,2,0
27759,0,65,0,65,0
27759,1,45,0,45,0
27759,2,2,0,2,0
27759,3,11,0,11,0
27759,5,5,0,5,0
27759,6,24,0,24,0
27759,7,13,0,13,0
27759,11,27,0,27,0
27759,12,4,0,4,0
27759,13,2,0,2,0
27759,14,1,0,1,0
27759,15,36,0,36,0
27759,16,3,0,3,0
27759,17,1,0,1,0
27759,19,1,0,1,0
27759,20,15,0,15,0
27759,22,33,0,33,0
27759,23,1,0,1,0
27759,25,4,0,4,0
27759,26,14,0,14,0
27759,27,20,0,20,0
27759,28,4,0,4,0
27759,29,2,0,2,0
27759,30,1,0,1,0
27759,31,1,0,1,0
27759,35,11,0,11,0
27759,36,10,0,10,0
27759,37,10,0,10,0
27780,-3,8,0,8,0
27780,-2,6,0,6,0
27780,-1,1,0,1,0
27780,0,28,0,28,0
27780,1,5,0,5,0
27780,2,83,0,83,0
27780,4,64,0,64,0
27780,6,1,0,1,0
27780,9,39,0,39,0
27780,10,7,0,7,0
27780,12,1,0,1,0
27780,13,20,0,20,0
27780,14,45,0,45,0
27780,15,25,0,25,0
27780,16,21,0,21,0
27780,17,8,0,8,0
27780,20,13,0,13,0
27780,23,13,0,13,0
27780,24,2,0,2,0
27780,26,28,0,28,0
27780,28,64,0,64,0
27780,31,26,0,26,0
27780,32,45,0,45,0
27891,-1,16,0,16,0
27891,0,136,0,136,0
27891,1,18,0,18,0
27891,2,16,0,16,0
27891,3,26,0,26,0
27891,4,9,0,9,0
27891,6,26,0,26,0
27891,7,23,0,23,0
27891,8,1,0,1,0
27891,10,1,0,1,0
27891,12,54,0,54,0
27891,13,9,0,9,0
27891,17,13,0,13,0
27935,-3,45,0,45,0
27935,-1,19,0,19,0
27935,0,91,0,91,0
27935,1,47,0,47,0
27935,2,40,0,40,0
27935,3,75,0,75,0
27935,4,73,0,73,0
27935,5,40,0,40,0
27935,6,118,0,118,0
27935,7,51,0,51,0
27935,8,1,0,1,0
27935,9,1,0,1,0
27935,12,47,0,47,0
27935,13,20,0,20,0
27935,14,16,0,16,0
27935,15,6,0,6,0
27935,16,56,0,56,0
27935,17,20,0,20,0
27935,18,26,0,26,0
27935,19,20,0,20,0
27935,21,1,0,1,0
28046,-3,21,0,21,0
28046,-1,3,0,3,0
28046,0,46,0,46,0
28046,1,7,0,7,0
28046,3,50,0,50,0
28046,6,27,0,27,0
28046,7,104,0,104,0
28046,11,6,0,6,0
28046,12,14,0,14,0
28046,13,1,0,1,0
28046,14,21,0,21,0
28046,16,9,0,9,0
28046,17,14,0,14,0
28046,18,6,0,6,0
28046,19,43,0,43,0
28046,20,92,0,92,0
28046,21,15,0,15,0
28046,22,34,0,34,0
28046,23,15,0,15,0
28046,24,6,0,6,0
28046,25,3,0,3,0
28046,26,5,0,5,0
28046,27,2,0,2,0
28046,28,25,0,25,0
28046,29,9,0,9,0
28046,31,26,0,26,0
28046,32,44,0,44,0
28046,33,13,0,13,0
28061,-4,50,0,50,0
28061,-3,121,0,121,0
28061,-2,71,0,71,0
28061,-1,107,0,107,0
28061,0,6,0,6,0
28061,1,32,0,32,0
28061,2,83,0,83,0
28061,3,101,0,101,0
28061,4,64,0,64,0
28061,5,63,0,63,0
28061,6,43,0,43,0
28061,7,64,0,64,0
28061,8,41,0,41,0
28061,9,21,0,21,0
28061,10,46,0,46,0
28061,11,8,0,8,0
28061,12,21,0,21,0
28061,13,31,0,31,0
28061,14,61,0,61,0
28061,15,20,0,20,0
28061,16,42,0,42,0
28061,17,17,0,17,0
28061,18,49,0,49,0
28061,19,66,0,66,0
28061,20,14,0,14,0
28061,21,12,0,12,0
28061,22,20,0,20,0
28061,23,36,0,36,0
28061,24,8,0,8,0
28061,26,13,0,13,0
28061,27,27,0,27,0
28061,28,52,0,52,0
28061,29,16,0,16,0
28061,30,12,0,12,0
28061,31,50,0,50,0
28061,32,2,0,2,0
28061,33,48,0,48,0
28061,34,42,0,42,0
28061,35,1,0,1,0
28061,36,3,0,3,0
28061,37,5,0,5,0
28061,38,1,0,1,0
28400,-2,79,0,79,0
28400,-1,136,0,136,0
28400,0,175,0,175,0
28400,1,66,0,66,0
28400,2,37,0,37,0
28400,3,57,0,57,0
28400,4,75,0,75,0
28400,6,21,0,21,0
28400,7,23,0,23,0
28400,8,31,0,31,0
28400,9,25,0,25,0
28400,10,27,0,27,0
28400,11,10,0,10,0
28400,12,59,0,59,0
28400,13,39,0,39,0
28400,14,14,0,14,0
28400,15,22,0,22,0
28400,17,28,0,28,0
28400,18,24,0,24,0
28400,19,39,0,39,0
28400,20,4,0,4,0
28400,21,19,0,19,0
28400,22,53,0,53,0
28400,23,13,0,13,0
28400,24,25,0,25,0
28400,25,33,0,33,0
28400,26,69,0,69,0
28400,27,97,0,97,0
28400,28,8,0,8,0
28400,29,21,0,21,0
28400,30,88,0,88,0
28400,31,5,0,5,0
28400,32,12,0,12,0
28400,34,1,0,1,0
28418,-1,1,0,1,0
28418,0,19,0,19,0
28418,1,52,0,52,0
28418,2,60,0,60,0
28418,3,3,0,3,0
28418,4,24,0,24,0
28418,5,1,0,1,0
28418,6,1,0,1,0
28418,8,4,0,4,0
28418,9,58,0,58,0
28418,14,4,0,4,0
28418,19,80,0,80,0
28418,20,19,0,19,0
28418,23,1,0,1,0
28418,24,1,0,1,0
28787,-3,5,0,5,0
28787,-2,13,0,13,0
28787,-1,20,0,20,0
28787,0,15,0,15,0
28787,1,52,0,52,0
28787,2,10,0,10,0
28787,3,8,0,8,0
28787,4,8,0,8,0
28787,5,8,0,8,0
28787,6,2,0,2,0
28787,7,17,0,17,0
28787,9,37,0,37,0
28787,10,4,0,4,0
28787,13,1,0,1,0
28787,15,56,0,56,0
28787,16,2,0,2,0
28787,17,27,0,27,0
28787,19,1,0,1,0
28787,20,54,0,54,0
28787,22,23,0,23,0
28787,23,7,0,7,0
28787,24,2,0,2,0
28787,27,2,0,2,0
28787,28,16,0,16,0
28787,29,29,0,29,0
28787,30,99,0,99,0
28787,31,13,0,13,0
28787,32,19,0,19,0
28787,33,11,0,11,0
28787,34,34,0,34,0
28787,36,25,0,25,0
28787,38,25,0,25,0
28808,-3,11,0,11,0
28808,-2,15,0,15,0
28808,-1,1,0,1,0
28808,1,19,0,19,0
28808,2,69,0,69,0
28808,3,69,0,69,0
28808,4,1,0,1,0
28808,7,36,0,36,0
28808,8,1,0,1,0
28808,12,10,0,10,0
28897,-3,5,0,5,0
28897,-2,3,0,3,0
28897,-1,128,0,128,0
28897,0,257,0,257,0
28897,2,23,0,23,0
28897,3,298,0,298,0
28897,4,109,0,109,0
28897,5,51,0,51,0
28897,6,201,0,201,0
28897,7,47,0,47,0
28897,8,61,0,61,0
28897,9,81,0,81,0
28897,10,118,0,118,0
28897,11,33,0,33,0
28897,12,74,0,74,0
28897,13,158,0,158,0
28897,14,202,0,202,0
28897,15,5,0,5,0
28897,16,55,0,55,0
28897,17,4,0,4,0
28897,18,76,0,76,0
28897,19,82,0,82,0
28897,20,191,0,191,0
28897,21,190,0,190,0
28897,22,19,0,19,0
28897,23,60,0,60,0
28897,24,16,0,16,0
28897,25,97,0,97,0
28897,26,424,0,424,0
28897,27,68,0,68,0
28897,28,7,0,7,0
28897,29,108,0,108,0
28897,30,74,0,74,0
28897,31,5,0,5,0
28897,32,37,0,37,0
28952,-2,28,0,28,0
28952,0,18,0,18,0
28952,2,49,0,49,0
28952,4,6,0,6,0
28952,5,1,0,1,0
28952,6,1,0,1,0
28952,7,2,0,2,0
29144,-1,12,0,12,0
29144,0,126,0,126,0
29144,2,74,0,74,0
29144,4,43,0,43,0
29144,5,52,0,52,0
29144,6,75,0,75,0
29144,7,232,0,232,0
29144,8,21,0,21,0
29144,9,12,0,12,0
29144,10,64,0,64,0
29144,11,33,0,33,0
29144,12,184,0,184,0
29144,13,105,0,105,0
29144,14,52,0,52,0
29144,15,50,0,50,0
29144,16,63,0,63,0
29144,17,111,0,111,0
29144,18,5,0,5,0
29144,19,37,0,37,0
29144,20,110,0,110,0
29144,21,10,0,10,0
29144,22,21,0,21,0
29144,23,49,0,49,0
29144,24,1,0,1,0
29144,25,7,0,7,0
29144,26,27,0,27,0
29144,27,7,0,7,0
29144,28,82,0,82,0
29144,29,24,0,24,0
29144,30,176,0,176,0
29144,31,42,0,42,0
29144,32,7,0,7,0
29335,-3,6,0,6,0
29335,-2,27,0,27,0
29335,-1,113,0,113,0
29335,0,258,0,258,0
29335,1,185,0,185,0
29335,2,381,0,381,0
29335,3,505,0,505,0
29335,4,165,0,165,0
29335,5,105,0,105,0
29335,6,277,0,277,0
29335,7,341,0,341,0
29335,8,327,0,327,0
29335,9,120,0,120,0
29335,10,167,0,167,0
29335,11,71,0,71,0
29335,12,206,0,206,0
29335,13,393,0,393,0
29335,14,348,0,348,0
29335,15,206,0,206,0
29335,16,109,0,109,0
29335,17,161,0,161,0
29335,18,233,0,233,0
29335,19,294,0,294,0
29335,20,220,0,220,0
29335,21,415,0,415,0
29335,22,257,0,257,0
29335,23,223,0,223,0
29335,24,427,0,427,0
29335,25,342,0,342,0
29335,26,172,0,172,0
29335,27,436,0,436,0
29335,28,156,0,156,0
29335,29,166,0,166,0
29335,30,125,0,125,0
29335,31,324,0,324,0
29335,32,261,0,261,0
29335,33,191,0,191,0
29335,34,51,0,51,0
29335,35,29,0,29,0
29335,36,28,0,28,0
29335,37,15,0,15,0
29335,38,4,0,4,0
29411,-3,22,0,22,0
29411,-2,26,0,26,0
29411,-1,76,0,76,0
29411,0,58,0,58,0
29411,1,35,0,35,0
29411,2,108,0,108,0
29411,3,48,0,48,0
29411,4,18,0,18,0
29411,5,17,0,17,0
29411,7,53,0,53,0
29411,8,20,0,20,0
29411,9,91,0,91,0
29411,11,3,0,3,0
29411,12,6,0,6,0
29411,13,25,0,25,0
29411,14,10,0,10,0
29411,15,10,0,10,0
29411,16,14,0,14,0
29411,18,33,0,33,0
29411,19,43,0,43,0
29411,20,118,0,118,0
29411,21,20,0,20,0
29411,22,3,0,3,0
29411,23,29,0,29,0
29411,24,22,0,22,0
29411,28,6,0,6,0
29411,29,37,0,37,0
29411,30,23,0,23,0
29411,31,66,0,66,0
29411,32,1,0,1,0
29411,33,129,0,129,0
29420,-2,13,0,13,0
29420,-1,6,0,6,0
29420,0,17,0,17,0
29420,1,3,0,3,0
29420,2,102,0,102,0
29420,3,15,0,15,0
29420,4,3,0,3,0
29420,5,9,0,9,0
29420,7,1,0,1,0
29420,8,52,0,52,0
29420,9,60,0,60,0
29420,10,13,0,13,0
29420,13,10,0,10,0
29420,15,58,0,58,0
29420,16,3,0,3,0
29420,17,36,0,36,0
29420,19,6,0,6,0
29420,20,150,0,150,0
29420,21,13,0,13,0
29420,23,36,0,36,0
29420,29,30,0,30,0
29420,30,110,0,110,0
29420,31,24,0,24,0
29420,32,8,0,8,0
29420,34,32,0,32,0
29420,35,6,0,6,0
29639,-3,148,0,148,0
29639,-2,179,0,179,0
29639,-1,346,0,346,0
29639,0,212,0,212,0
29639,1,769,0,769,0
29639,2,604,0,604,0
29639,3,191,0,191,0
29639,4,368,0,368,0
29639,5,705,0,705,0
29639,6,673,0,673,0
29639,7,241,0,241,0
29639,8,378,0,378,0
29639,9,153,0,153,0
29639,10,112,0,112,0
29639,11,100,0,100,0
29639,12,68,0,68,0
29639,13,288,0,288,0
29639,14,133,0,133,0
29639,15,357,0,357,0
29639,16,196,0,196,0
29639,17,191,0,191,0
29639,18,506,0,506,0
29639,19,605,0,605,0
29639,20,360,0,360,0
29639,21,313,0,313,0
29639,22,212,0,212,0
29639,23,340,0,340,0
29639,24,149,0,149,0
29639,25,203,0,203,0
29639,26,48,0,48,0
29639,27,147,0,147,0
29639,28,272,0,272,0
29639,29,226,0,226,0
29639,30,196,0,196,0
29639,31,108,0,108,0
29639,32,103,0,103,0
29639,33,102,0,102,0
29639,34,121,0,121,0
29639,35,51,0,51,0
29639,36,7,0,7,0
29639,37,15,0,15,0
29639,38,7,0,7,0
29764,-3,29,0,29,0
29764,-1,3,0,3,0
29764,0,35,0,35,0
29764,1,93,0,93,0
29764,2,118,0,118,0
29764,3,25,0,25,0
29764,4,116,0,116,0
29764,5,3,0,3,0
29764,6,4,0,4,0
29764,7,4,0,4,0
29764,8,88,0,88,0
29764,9,191,0,191,0
29764,10,192,0,192,0
29764,11,294,0,294,0
29764,12,155,0,155,0
29764,13,5,0,5,0
29764,14,60,0,60,0
29764,15,12,0,12,0
29764,16,68,0,68,0
29764,17,32,0,32,0
29764,19,314,0,314,0
29764,20,15,0,15,0
29764,21,26,0,26,0
29764,22,27,0,27,0
29764,23,111,0,111,0
29764,24,25,0,25,0
29764,25,59,0,59,0
29764,28,6,0,6,0
29764,29,39,0,39,0
29764,30,119,0,119,0
29764,31,168,0,168,0
29764,32,428,0,428,0
29764,33,3,0,3,0
29769,-3,85,0,85,0
29769,-2,94,0,94,0
29769,0,91,0,91,0
29769,1,29,0,29,0
29769,2,128,0,128,0
29769,3,16,0,16,0
29769,4,99,0,99,0
29769,5,25,0,25,0
29769,6,7,0,7,0
29769,7,61,0,61,0
29769,8,25,0,25,0
29769,9,229,0,229,0
29769,10,267,0,267,0
29769,12,4,0,4,0
29769,13,49,0,49,0
29769,14,73,0,73,0
29769,15,81,0,81,0
29769,16,9,0,9,0
29769,17,1,0,1,0
29769,18,112,0,112,0
29769,19,15,0,15,0
29769,21,35,0,35,0
29769,22,61,0,61,0
29769,23,12,0,12,0
29820,-3,19,0,19,0
29820,-1,100,0,100,0
29820,0,99,0,99,0
29820,1,118,0,118,0
29820,2,151,0,151,0
29820,3,50,0,50,0
29820,4,138,0,138,0
29820,5,42,0,42,0
29820,6,28,0,28,0
29820,7,100,0,100,0
29820,8,31,0,31,0
29820,9,179,0,179,0
29820,10,42,0,42,0
29820,11,10,0,10,0
29820,12,16,0,16,0
29820,13,7,0,7,0
29820,14,129,0,129,0
29820,15,25,0,25,0
29820,16,48,0,48,0
29820,17,98,0,98,0
29820,18,32,0,32,0
29820,19,123,0,123,0
29820,20,194,0,194,0
29820,21,192,0,192,0
29820,22,3,0,3,0
29820,23,88,0,88,0
29820,24,76,0,76,0
29820,25,15,0,15,0
29820,28,56,0,56,0
29820,29,94,0,94,0
29820,30,39,0,39,0
29820,32,160,0,160,0
29985,-1,5,0,5,0
29985,0,17,0,17,0
29985,1,27,0,27,0
29985,3,10,0,10,0
29985,4,4,0,4,0
29985,6,4,0,4,0
29985,7,4,0,4,0
29985,8,2,0,2,0
29985,12,95,0,95,0
29985,13,12,0,12,0
29985,14,7,0,7,0
29985,16,1,0,1,0
29985,17,39,0,39,0
29985,18,64,0,64,0
29985,19,8,0,8,0
29985,20,66,0,66,0
29985,22,78,0,78,0
29985,23,57,0,57,0
29985,25,21,0,21,0
29985,26,82,0,82,0
29985,27,34,0,34,0
29985,28,34,0,34,0
29985,29,27,0,27,0
29985,30,51,0,51,0
29985,31,8,0,8,0
29985,33,2,0,2,0
29985,34,1,0,1,0
30091,-1,66,0,66,0
30091,0,118,0,118,0
30091,1,13,0,13,0
30091,2,9,0,9,0
30091,3,13,0,13,0
30091,4,9,0,9,0
30091,5,12,0,12,0
30091,7,68,0,68,0
30091,8,82,0,82,0
30091,9,29,0,29,0
30091,10,78,0,78,0
30091,11,68,0,68,0
30091,12,107,0,107,0
30091,14,172,0,172,0
30091,15,14,0,14,0
30091,18,128,0,128,0
30091,19,26,0,26,0
30091,20,26,0,26,0
30091,21,5,0,5,0
30091,22,17,0,17,0
30091,23,18,0,18,0
30091,24,4,0,4,0
30091,27,11,0,11,0
30091,28,7,0,7,0
30091,29,36,0,36,0
30091,30,34,0,34,0
30091,31,35,0,35,0
30091,32,43,0,43,0
30091,33,59,0,59,0
30091,34,25,0,25,0
30096,-3,106,0,106,0
30096,-2,25,0,25,0
30096,-1,8,0,8,0
30096,1,143,0,143,0
30096,2,2,0,2,0
30096,3,1,0,1,0
30096,4,53,0,53,0
30096,8,109,0,109,0
30096,11,5,0,5,0
30096,12,5,0,5,0
30096,13,21,0,21,0
30096,14,23,0,23,0
30096,16,60,0,60,0
30096,19,52,0,52,0
30096,21,1,0,1,0
30096,24,2,0,2,0
30096,25,26,0,26,0
30096,26,5,0,5,0
30096,29,1,0,1,0
30096,30,35,0,35,0
30096,33,26,0,26,0
30096,34,5,0,5,0
30268,-2,14,0,14,0
30268,-1,88,0,88,0
30268,0,107,0,107,0
30268,1,72,0,72,0
30531,-3,2,0,2,0
30531,-2,6,0,6,0
30531,-1,78,0,78,0
30531,0,150,0,150,0
30531,1,63,0,63,0
30531,2,397,0,397,0
30531,3,315,0,315,0
30531,4,46,0,46,0
30531,5,92,0,92,0
30531,6,66,0,66,0
30531,7,129,0,129,0
30531,8,103,0,103,0
30531,9,40,0,40,0
30531,26,1,0,1,0
30531,27,26,0,26,0
30531,29,33,0,33,0
30531,31,1,0,1,0
30549,-3,5,0,5,0
30549,-1,12,0,12,0
30549,0,11,0,11,0
30549,3,24,0,24,0
30549,4,8,0,8,0
30549,5,10,0,10,0
30549,7,41,0,41,0
30549,13,3,0,3,0
30549,15,9,0,9,0
30549,16,5,0,5,0
30549,18,1,0,1,0
30549,19,7,0,7,0
30549,21,1,0,1,0
30850,-2,2,0,2,0
30850,-1,20,0,20,0
30850,0,252,0,252,0
30850,1,215,0,215,0
30850,2,25,0,25,0
30850,3,13,0,13,0
30850,4,90,0,90,0
30850,5,31,0,31,0
30850,7,153,0,153,0
30850,8,118,0,118,0
30850,9,117,0,117,0
30850,10,83,0,83,0
30850,11,1,0,1,0
30850,13,5,0,5,0
30850,14,96,0,96,0
30850,15,45,0,45,0
30850,16,4,0,4,0
30850,17,16,0,16,0
30850,18,113,0,113,0
30850,19,3,0,3,0
30850,20,116,0,116,0
30850,21,55,0,55,0
30850,22,25,0,25,0
30850,23,8,0,8,0
30850,24,89,0,89,0
30850,25,51,0,51,0
30850,26,1,0,1,0
30850,27,10,0,10,0
30850,28,110,0,110,0
30850,29,19,0,19,0
30850,30,23,0,23,0
30850,31,40,0,40,0
30850,32,15,0,15,0
30850,33,9,0,9,0
30850,34,188,0,188,0
30850,35,69,0,69,0
30850,36,9,0,9,0
30850,37,19,0,19,0
31014,-2,53,0,53,0
31014,-1,47,0,47,0
31014,0,74,0,74,0
31014,1,76,0,76,0
31014,2,81,0,81,0
31014,3,54,0,54,0
31014,4,45,0,45,0
31014,5,1,0,1,0
31014,6,17,0,17,0
31014,7,28,0,28,0
31014,8,11,0,11,0
31014,10,30,0,30,0
31014,12,9,0,9,0
31014,13,1,0,1,0
31014,14,1,0,1,0
31014,15,2,0,2,0
31014,16,1,0,1,0
31107,-2,45,0,45,0
31107,-1,121,0,121,0
31107,0,154,0,154,0
31107,1,57,0,57,0
31107,2,156,0,156,0
31107,3,37,0,37,0
31107,4,82,0,82,0
31107,5,78,0,78,0
31107,6,80,0,80,0
31107,7,98,0,98,0
31107,8,85,0,85,0
31107,9,96,0,96,0
31107,10,93,0,93,0
31107,11,30,0,30,0
31107,12,79,0,79,0
31107,13,51,0,51,0
31107,14,130,0,130,0
31107,15,102,0,102,0
31107,16,137,0,137,0
31107,17,196,0,196,0
31107,18,111,0,111,0
31107,19,183,0,183,0
31107,20,188,0,188,0
31107,21,185,0,185,0
31107,22,173,0,173,0
31107,23,206,0,206,0
31107,24,88,0,88,0
31107,25,222,0,222,0
31107,26,91,0,91,0
31107,27,174,0,174,0
31107,28,54,0,54,0
31107,29,88,0,88,0
31107,30,83,0,83,0
31107,31,69,0,69,0
31107,32,32,0,32,0
31107,33,18,0,18,0
31107,34,1,0,1,0
31161,-3,5,0,5,0
31161,-2,118,0,118,0
31161,-1,140,0,140,0
31161,0,203,0,203,0
31161,1,76,0,76,0
31161,2,13,0,13,0
31161,3,48,0,48,0
31161,4,239,0,239,0
31161,5,170,0,170,0
31161,6,74,0,74,0
31161,7,28,0,28,0
31161,8,108,0,108,0
31161,9,111,0,111,0
31161,10,50,0,50,0
31161,11,6,0,6,0
31161,12,2,0,2,0
31161,13,101,0,101,0
31161,14,24,0,24,0
31161,15,144,0,144,0
31161,16,321,0,321,0
31161,17,113,0,113,0
31161,18,35,0,35,0
31161,19,37,0,37,0
31161,20,80,0,80,0
31161,21,70,0,70,0
31161,22,81,0,81,0
31161,23,124,0,124,0
31161,24,107,0,107,0
31161,25,11,0,11,0
31161,26,3,0,3,0
31161,27,25,0,25,0
31161,28,45,0,45,0
31161,29,8,0,8,0
31161,30,34,0,34,0
31161,31,96,0,96,0
31161,32,34,0,34,0
31161,33,4,0,4,0
31161,34,16,0,16,0
31161,35,26,0,26,0
31161,37,2,0,2,0
31173,0,53,0,53,0
31173,1,14,0,14,0
31173,2,18,0,18,0
31173,3,67,0,67,0
31173,4,12,0,12,0
31173,5,1,0,1,0
31173,7,39,0,39,0
31173,8,12,0,12,0
31173,9,1,0,1,0
31173,12,28,0,28,0
31173,14,4,0,4,0
31173,15,10,0,10,0
31173,16,12,0,12,0
31173,17,98,0,98,0
31173,18,39,0,39,0
31173,19,86,0,86,0
31173,20,26,0,26,0
31173,21,21,0,21,0
31173,22,33,0,33,0
31173,23,38,0,38,0
31173,24,16,0,16,0
31173,27,1,0,1,0
31173,28,20,0,20,0
31173,29,48,0,48,0
31173,30,21,0,21,0
31173,31,3,0,3,0
31173,32,110,0,110,0
31173,33,26,0,26,0
31173,36,1,0,1,0
31205,-1,121,0,121,0
31205,0,37,0,37,0
31205,1,7,0,7,0
31205,2,4,0,4,0
31205,3,36,0,36,0
31205,5,13,0,13,0
31205,6,12,0,12,0
31205,8,20,0,20,0
31205,9,4,0,4,0
31205,10,6,0,6,0
31205,13,11,0,11,0
31205,15,28,0,28,0
31205,16,3,0,3,0
31205,17,63,0,63,0
31205,18,15,0,15,0
31205,24,1,0,1,0
31269,-3,56,0,56,0
31269,-2,61,0,61,0
31269,-1,54,0,54,0
31269,0,83,0,83,0
31269,1,78,0,78,0
31269,2,117,0,117,0
31269,3,134,0,134,0
31269,4,14,0,14,0
31269,5,33,0,33,0
31269,6,41,0,41,0
31269,7,154,0,154,0
31269,8,2,0,2,0
31269,9,13,0,13,0
31269,10,19,0,19,0
31296,-2,3,0,3,0
31296,-1,4,0,4,0
31296,2,12,0,12,0
31296,3,33,0,33,0
31296,4,1,0,1,0
31296,5,2,0,2,0
31296,7,39,0,39,0
31296,8,116,0,116,0
31296,12,1,0,1,0
31296,13,80,0,80,0
31296,14,1,0,1,0
31296,15,1,0,1,0
31296,17,1,0,1,0
31296,19,33,0,33,0
31296,20,55,0,55,0
31296,21,14,0,14,0
31296,22,23,0,23,0
31296,24,2,0,2,0
31296,25,6,0,6,0
31296,27,43,0,43,0
31296,28,70,0,70,0
31296,29,4,0,4,0
31296,30,4,0,4,0
31296,34,730,0,730,0
31296,37,2,0,2,0
31600,-4,44,0,44,0
31600,-2,29,0,29,0
31600,-1,17,0,17,0
31600,2,40,0,40,0
31600,3,101,0,101,0
31600,7,41,0,41,0
31600,16,14,0,14,0
31600,23,8,0,8,0
31600,24,67,0,67,0
31600,30,41,0,41,0
31600,34,27,0,27,0
31604,-2,129,0,129,0
31604,-1,40,0,40,0
31604,0,22,0,22,0
31604,1,154,0,154,0
31604,2,108,0,108,0
31604,3,25,0,25,0
31604,4,88,0,88,0
31604,5,119,0,119,0
31604,6,53,0,53,0
31604,7,66,0,66,0
31604,8,12,0,12,0
31604,9,119,0,119,0
31604,10,18,0,18,0
31604,12,39,0,39,0
31604,13,65,0,65,0
31604,14,99,0,99,0
31604,15,45,0,45,0
31604,16,56,0,56,0
31604,17,38,0,38,0
31604,18,87,0,87,0
31604,19,36,0,36,0
31604,20,21,0,21,0
31604,21,91,0,91,0
31604,22,20,0,20,0
31604,23,107,0,107,0
31604,24,26,0,26,0
31604,25,47,0,47,0
31604,26,73,0,73,0
31604,28,36,0,36,0
31604,29,26,0,26,0
31604,30,31,0,31,0
31604,31,51,0,51,0
31604,32,85,0,85,0
31604,33,5,0,5,0
31604,34,101,0,101,0
31604,35,17,0,17,0
31604,36,1,0,1,0
31604,37,2,0,2,0
31663,-2,102,0,102,0
31663,-1,190,0,190,0
31663,0,302,0,302,0
31663,1,97,0,97,0
31663,2,188,0,188,0
31663,3,238,0,238,0
31663,4,146,0,146,0
31663,5,156,0,156,0
31663,6,199,0,199,0
31663,7,419,0,419,0
31663,8,332,0,332,0
31663,9,197,0,197,0
31663,10,189,0,189,0
31663,11,244,0,244,0
31663,12,243,0,243,0
31663,13,120,0,120,0
31663,14,144,0,144,0
31663,15,103,0,103,0
31663,16,86,0,86,0
31663,17,124,0,124,0
31663,18,292,0,292,0
31663,19,134,0,134,0
31663,20,84,0,84,0
31663,21,106,0,106,0
31663,22,89,0,89,0
31663,23,86,0,86,0
31663,24,83,0,83,0
31663,25,80,0,80,0
31663,26,159,0,159,0
31663,27,120,0,120,0
31663,28,106,0,106,0
31663,29,245,0,245,0
31663,30,199,0,199,0
31663,31,94,0,94,0
31663,32,159,0,159,0
31663,33,47,0,47,0
31663,34,4,0,4,0
31849,0,81,0,81,0
31849,1,52,0,52,0
31849,2,116,0,116,0
31849,3,119,0,119,0
31849,4,64,0,64,0
31849,5,60,0,60,0
31849,6,18,0,18,0
31849,7,76,0,76,0
31849,8,18,0,18,0
31849,9,1,0,1,0
31849,10,18,0,18,0
31849,12,22,0,22,0
31849,13,22,0,22,0
31849,14,9,0,9,0
31849,15,13,0,13,0
31849,16,2,0,2,0
31849,17,2,0,2,0
31849,18,35,0,35,0
31849,19,1,0,1,0
31849,21,33,0,33,0
31849,22,7,0,7,0
31849,23,37,0,37,0
31849,24,33,0,33,0
31849,25,2,0,2,0
31849,26,13,0,13,0
31849,29,30,0,30,0
31849,30,3,0,3,0
31849,31,92,0,92,0
31849,32,7,0,7,0
31849,33,40,0,40,0
31849,34,96,0,96,0
31849,35,16,0,16,0
31849,36,24,0,24,0
31849,37,12,0,12,0
31849,38,5,0,5,0
32221,-1,55,0,55,0
32221,0,45,0,45,0
32221,1,50,0,50,0
32221,2,143,0,143,0
32221,3,119,0,119,0
32221,4,62,0,62,0
32221,5,133,0,133,0
32221,6,44,0,44,0
32221,7,34,0,34,0
32221,9,109,0,109,0
32221,10,11,0,11,0
32221,11,28,0,28,0
32221,12,4,0,4,0
32221,13,79,0,79,0
32221,14,68,0,68,0
32221,16,17,0,17,0
32221,17,97,0,97,0
32221,18,35,0,35,0
32239,-2,2,0,2,0
32239,-1,15,0,15,0
32239,0,26,0,26,0
32239,1,4,0,4,0
32239,2,10,0,10,0
32239,3,5,0,5,0
32239,4,4,0,4,0
32239,5,22,0,22,0
32239,7,6,0,6,0
32239,9,9,0,9,0
32239,11,30,0,30,0
32239,12,41,0,41,0
32239,14,12,0,12,0
32239,15,26,0,26,0
32239,16,3,0,3,0
32239,17,5,0,5,0
32239,18,7,0,7,0
32239,19,64,0,64,0
32239,20,14,0,14,0
32239,21,42,0,42,0
32239,22,9,0,9,0
32239,23,27,0,27,0
32239,24,26,0,26,0
32239,25,7,0,7,0
32239,26,3,0,3,0
32239,27,62,0,62,0
32239,28,47,0,47,0
32239,29,39,0,39,0
32239,30,10,0,10,0
32239,31,40,0,40,0
32239,33,3,0,3,0
32327,-1,272,0,272,0
32327,0,79,0,79,0
32327,2,14,0,14,0
32327,3,36,0,36,0
32327,4,16,0,16,0
32327,5,36,0,36,0
32327,6,49,0,49,0
32327,7,52,0,52,0
32327,8,72,0,72,0
32327,11,13,0,13,0
32327,12,15,0,15,0
32327,13,14,0,14,0
32327,14,31,0,31,0
32885,-2,97,0,97,0
32885,-1,198,0,198,0
32885,0,61,0,61,0
32885,1,116,0,116,0
32885,2,37,0,37,0
32885,3,58,0,58,0
32885,4,18,0,18,0
32885,5,16,0,16,0
32885,8,4,0,4,0
32885,9,3,0,3,0
32885,10,18,0,18,0
32885,11,50,0,50,0
32885,12,8,0,8,0
32885,13,38,0,38,0
32885,15,25,0,25,0
32885,17,31,0,31,0
32885,18,18,0,18,0
32885,19,26,0,26,0
32885,20,3,0,3,0
32885,21,1,0,1,0
32885,23,9,0,9,0
32885,24,3,0,3,0
32885,25,28,0,28,0
32885,26,38,0,38,0
32885,27,3,0,3,0
32885,29,6,0,6,0
32885,31,59,0,59,0
32885,32,27,0,27,0
32885,33,25,0,25,0
32885,34,3,0,3,0
32885,35,7,0,7,0
32930,2,50,0,50,0
32930,4,1,0,1,0
32930,6,101,0,101,0
32930,8,21,0,21,0
32930,9,2,0,2,0
32930,14,25,0,25,0
32930,15,3,0,3,0
32930,22,7,0,7,0
32930,25,179,0,179,0
32930,26,7,0,7,0
32930,27,29,0,29,0
32930,33,13,0,13,0
33387,-2,1,0,1,0
33387,0,14,0,14,0
33387,1,24,0,24,0
33387,2,3,0,3,0
33387,3,33,0,33,0
33387,5,15,0,15,0
33387,6,1,0,1,0
33387,7,98,0,98,0
33387,12,9,0,9,0
33387,15,4,0,4,0
33387,16,4,0,4,0
33387,17,35,0,35,0
33387,18,7,0,7,0
33600,-3,10,0,10,0
33600,-2,9,0,9,0
33600,-1,129,0,129,0
33600,0,9,0,9,0
33600,1,5,0,5,0
33600,2,23,0,23,0
33600,3,296,0,296,0
33666,0,28,0,28,0
33666,1,107,0,107,0
33666,2,197,0,197,0
33666,3,58,0,58,0
33666,4,113,0,113,0
33666,5,135,0,135,0
33666,6,181,0,181,0
33666,7,147,0,147,0
33666,8,28,0,28,0
33666,9,28,0,28,0
33666,10,7,0,7,0
33666,11,1,0,1,0
33666,12,19,0,19,0
33666,13,21,0,21,0
33666,14,24,0,24,0
33666,15,63,0,63,0
33666,16,19,0,19,0
33666,17,5,0,5,0
33666,18,13,0,13,0
33666,20,14,0,14,0
33681,-4,29,0,29,0
33681,-3,65,0,65,0
33681,-2,28,0,28,0
33681,-1,1,0,1,0
33681,3,89,0,89,0
33681,4,54,0,54,0
33681,5,5,0,5,0
33681,6,5,0,5,0
33681,7,53,0,53,0
33681,8,23,0,23,0
33681,9,9,0,9,0
33681,13,39,0,39,0
33681,14,35,0,35,0
33681,17,29,0,29,0
33796,0,55,0,55,0
33796,1,17,0,17,0
33796,2,2,0,2,0
33796,3,18,0,18,0
33796,5,53,0,53,0
33796,6,5,0,5,0
33796,7,1,0,1,0
33796,8,45,0,45,0
33796,9,9,0,9,0
33796,10,1,0,1,0
33796,13,12,0,12,0
33796,15,20,0,20,0
33796,16,3,0,3,0
33796,17,8,0,8,0
33796,19,4,0,4,0
33796,20,18,0,18,0
33796,21,5,0,5,0
33796,22,1,0,1,0
33796,23,6,0,6,0
33796,27,38,0,38,0
33796,28,3,0,3,0
33796,33,24,0,24,0
33796,35,2,0,2,0
33796,36,1,0,1,0
33897,3,229,0,229,0
33897,5,71,0,71,0
33897,7,22,0,22,0
33915,-3,16,0,16,0
33915,-2,57,0,57,0
33915,-1,71,0,71,0
33915,0,57,0,57,0
33915,1,247,0,247,0
33915,2,76,0,76,0
33915,3,211,0,211,0
33915,4,119,0,119,0
33915,5,87,0,87,0
33915,6,142,0,142,0
33915,7,73,0,73,0
33915,8,166,0,166,0
33915,9,128,0,128,0
33915,10,14,0,14,0
33915,11,233,0,233,0
33915,12,277,0,277,0
33915,13,42,0,42,0
33915,15,47,0,47,0
33915,16,218,0,218,0
33915,17,79,0,79,0
33915,18,137,0,137,0
33915,19,301,0,301,0
33915,20,181,0,181,0
33915,21,159,0,159,0
33915,22,143,0,143,0
33915,23,44,0,44,0
33915,24,18,0,18,0
33915,25,7,0,7,0
33915,27,1,0,1,0
33915,28,110,0,110,0
33915,29,170,0,170,0
33915,30,322,0,322,0
33915,31,166,0,166,0
33915,33,2,0,2,0
33930,-3,12,0,12,0
33930,-1,52,0,52,0
33930,0,44,0,44,0
33930,1,21,0,21,0
33930,2,32,0,32,0
33930,3,21,0,21,0
33930,4,13,0,13,0
33930,5,6,0,6,0
33930,7,38,0,38,0
33930,9,10,0,10,0
33930,12,1,0,1,0
33930,13,1,0,1,0
33930,14,7,0,7,0
33930,15,3,0,3,0
33930,16,6,0,6,0
33930,17,9,0,9,0
33930,18,1,0,1,0
33930,19,125,0,125,0
33930,20,6,0,6,0
33930,21,2,0,2,0
33930,23,42,0,42,0
33930,24,6,0,6,0
33930,25,7,0,7,0
33930,26,2,0,2,0
33930,27,7,0,7,0
33930,28,1,0,1,0
33930,29,16,0,16,0
33930,32,38,0,38,0
33930,33,15,0,15,0
34068,-3,19,0,19,0
34068,-2,7,0,7,0
34068,-1,4,0,4,0
34068,0,24,0,24,0
34068,1,17,0,17,0
34068,2,208,0,208,0
34068,3,3,0,3,0
34068,5,27,0,27,0
34068,6,9,0,9,0
34068,7,37,0,37,0
34068,8,44,0,44,0
34068,9,175,0,175,0
34068,10,19,0,19,0
34068,11,15,0,15,0
34068,12,4,0,4,0
34068,13,1,0,1,0
34087,-2,40,0,40,0
34087,-1,40,0,40,0
34087,0,39,0,39,0
34087,1,13,0,13,0
34087,3,41,0,41,0
34087,4,51,0,51,0
34087,5,8,0,8,0
34087,7,52,0,52,0
34087,8,1,0,1,0
34087,10,11,0,11,0
34087,11,5,0,5,0
34087,12,22,0,22,0
34087,13,14,0,14,0
34087,15,15,0,15,0
34087,16,15,0,15,0
34087,17,1,0,1,0
34087,18,1,0,1,0
34087,19,3,0,3,0
34087,20,6,0,6,0
34087,21,8,0,8,0
34087,23,9,0,9,0
34087,24,30,0,30,0
34229,-2,9,0,9,0
34229,-1,12,0,12,0
34229,0,39,0,39,0
34229,1,48,0,48,0
34229,2,24,0,24,0
34229,3,30,0,30,0
34229,4,56,0,56,0
34229,5,33,0,33,0
34229,6,44,0,44,0
34229,7,5,0,5,0
34229,8,78,0,78,0
34229,10,21,0,21,0
34229,11,44,0,44,0
34229,12,72,0,72,0
34229,13,7,0,7,0
34229,14,16,0,16,0
34229,17,1,0,1,0
34229,18,1,0,1,0
34229,21,7,0,7,0
34229,22,24,0,24,0
34229,23,15,0,15,0
34229,25,36,0,36,0
34229,26,14,0,14,0
34229,27,2,0,2,0
34229,31,65,0,65,0
34229,32,2,0,2,0
34229,33,1,0,1,0
34293,-3,31,0,31,0
34293,-1,44,0,44,0
34293,0,40,0,40,0
34293,1,226,0,226,0
34293,2,100,0,100,0
34293,3,47,0,47,0
34293,4,131,0,131,0
34293,6,55,0,55,0
34293,7,79,0,79,0
34293,8,43,0,43,0
34293,9,57,0,57,0
34293,10,53,0,53,0
34293,11,15,0,15,0
34353,1,24,0,24,0
34353,2,124,0,124,0
34353,3,21,0,21,0
34353,4,7,0,7,0
34353,6,65,0,65,0
34353,7,19,0,19,0
34353,8,10,0,10,0
34353,9,7,0,7,0
34353,11,18,0,18,0
34353,12,3,0,3,0
34353,17,16,0,16,0
34353,22,22,0,22,0
34353,24,8,0,8,0
34353,25,25,0,25,0
34353,26,5,0,5,0
34353,27,5,0,5,0
34353,31,6,0,6,0
34353,32,6,0,6,0
34431,0,12,0,12,0
34431,1,23,0,23,0
34431,2,12,0,12,0
34431,3,30,0,30,0
34431,5,59,0,59,0
34431,6,55,0,55,0
34431,16,1,0,1,0
34653,-3,23,0,23,0
34653,-2,46,0,46,0
34653,1,4,0,4,0
34653,2,4,0,4,0
34653,3,7,0,7,0
34653,5,4,0,4,0
34653,7,68,0,68,0
34653,8,8,0,8,0
34653,9,3,0,3,0
34653,11,6,0,6,0
34653,12,3,0,3,0
34653,13,19,0,19,0
34653,15,9,0,9,0
34653,16,4,0,4,0
34653,18,4,0,4,0
34653,20,1,0,1,0
34662,-2,3,0,3,0
34662,-1,1,0,1,0
34662,0,57,0,57,0
34662,1,28,0,28,0
34662,2,1,0,1,0
34662,3,42,0,42,0
34662,4,4,0,4,0
34662,6,4,0,4,0
34662,7,23,0,23,0
34662,8,3,0,3,0
34662,9,2,0,2,0
34662,12,44,0,44,0
34662,14,6,0,6,0
34731,-2,8,0,8,0
34731,-1,4,0,4,0
34731,0,7,0,7,0
34731,1,132,0,132,0
34731,2,150,0,150,0
34731,3,17,0,17,0
34731,4,36,0,36,0
34731,5,244,0,244,0
34731,6,49,0,49,0
34731,7,11,0,11,0
34731,8,5,0,5,0
34731,9,12,0,12,0
34731,13,6,0,6,0
34756,0,17,0,17,0
34756,1,15,0,15,0
34756,3,10,0,10,0
34756,4,18,0,18,0
34756,5,12,0,12,0
34756,6,38,0,38,0
34756,7,14,0,14,0
34756,8,5,0,5,0
34863,0,21,0,21,0
34863,2,21,0,21,0
34863,5,26,0,26,0
34863,6,20,0,20,0
34863,7,29,0,29,0
34863,8,5,0,5,0
34863,10,1,0,1,0
34863,12,14,0,14,0
34863,17,16,0,16,0
34863,22,13,0,13,0
34863,26,24,0,24,0
34863,27,3,0,3,0
34863,28,4,0,4,0
34863,30,1,0,1,0
35001,0,8,0,8,0
35001,1,3,0,3,0
35001,2,10,0,10,0
35001,3,4,0,4,0
35001,4,4,0,4,0
35001,6,5,0,5,0
35001,12,33,0,33,0
35001,13,3,0,3,0
35001,14,7,0,7,0
35340,-3,11,0,11,0
35340,-2,17,0,17,0
35340,-1,35,0,35,0
35340,0,43,0,43,0
35340,1,23,0,23,0
35340,2,254,0,254,0
35340,3,30,0,30,0
35340,4,157,0,157,0
35340,5,22,0,22,0
35340,6,56,0,56,0
35340,7,24,0,24,0
35340,8,42,0,42,0
35340,9,101,0,101,0
35340,10,5,0,5,0
35340,11,15,0,15,0
35340,12,22,0,22,0
35340,13,3,0,3,0
35340,14,11,0,11,0
35340,15,39,0,39,0
35340,16,141,0,141,0
35340,17,21,0,21,0
35340,18,55,0,55,0
35340,19,26,0,26,0
35340,20,285,0,285,0
35340,21,156,0,156,0
35340,22,1,0,1,0
35340,23,1,0,1,0
35340,24,1,0,1,0
35340,25,3,0,3,0
35340,27,10,0,10,0
35340,30,29,0,29,0
35340,31,26,0,26,0
35340,32,142,0,142,0
35340,33,5,0,5,0
35355,-2,5,0,5,0
35355,-1,63,0,63,0
35355,0,159,0,159,0
35355,1,122,0,122,0
35355,2,395,0,395,0
35355,3,284,0,284,0
35355,4,106,0,106,0
35355,5,105,0,105,0
35355,6,96,0,96,0
35355,7,125,0,125,0
35355,8,107,0,107,0
35355,9,82,0,82,0
35355,10,18,0,18,0
35355,12,1,0,1,0
35355,13,54,0,54,0
35355,14,155,0,155,0
35355,15,96,0,96,0
35355,16,43,0,43,0
35355,17,163,0,163,0
35355,18,71,0,71,0
35355,19,148,0,148,0
35355,20,161,0,161,0
35355,21,104,0,104,0
35355,22,124,0,124,0
35355,23,42,0,42,0
35355,24,18,0,18,0
35355,25,178,0,178,0
35355,26,5,0,5,0
35355,27,58,0,58,0
35355,28,157,0,157,0
35355,29,51,0,51,0
35355,31,27,0,27,0
35355,32,31,0,31,0
35355,33,3,0,3,0
35355,36,1,0,1,0
35502,-3,40,0,40,0
35502,-1,87,0,87,0
35502,0,158,0,158,0
35502,1,84,0,84,0
35502,2,121,0,121,0
35502,3,34,0,34,0
35502,4,21,0,21,0
35508,-3,9,0,9,0
35508,-2,151,0,151,0
35508,-1,54,0,54,0
35508,0,224,0,224,0
35508,1,163,0,163,0
35508,2,285,0,285,0
35508,3,138,0,138,0
35508,4,106,0,106,0
35508,5,74,0,74,0
35508,6,39,0,39,0
35508,7,59,0,59,0
35508,8,153,0,153,0
35508,9,138,0,138,0
35508,10,28,0,28,0
35508,11,42,0,42,0
35508,12,26,0,26,0
35508,13,29,0,29,0
35508,14,14,0,14,0
35508,15,85,0,85,0
35508,16,88,0,88,0
35508,17,83,0,83,0
35508,18,1,0,1,0
35508,19,282,0,282,0
35508,20,151,0,151,0
35508,21,147,0,147,0
35508,22,14,0,14,0
35508,23,102,0,102,0
35508,24,87,0,87,0
35508,25,142,0,142,0
35508,26,46,0,46,0
35508,27,115,0,115,0
35508,28,80,0,80,0
35508,29,61,0,61,0
35508,30,27,0,27,0
35508,31,47,0,47,0
35508,32,32,0,32,0
35508,33,11,0,11,0
35508,34,78,0,78,0
35508,37,1,0,1,0
35544,-3,18,0,18,0
35544,-2,6,0,6,0
35544,0,23,0,23,0
35544,1,27,0,27,0
35544,2,94,0,94,0
35544,3,50,0,50,0
35544,4,64,0,64,0
35544,6,183,0,183,0
35544,7,39,0,39,0
35544,8,20,0,20,0
35544,9,33,0,33,0
35544,10,40,0,40,0
35544,11,57,0,57,0
35544,12,118,0,118,0
35544,13,62,0,62,0
35544,14,244,0,244,0
35544,15,6,0,6,0
35544,16,73,0,73,0
35544,17,42,0,42,0
35544,18,73,0,73,0
35544,19,15,0,15,0
35544,20,30,0,30,0
35544,22,62,0,62,0
35544,23,49,0,49,0
35544,25,17,0,17,0
35544,26,109,0,109,0
35544,27,109,0,109,0
35544,28,65,0,65,0
35544,29,45,0,45,0
35544,30,82,0,82,0
35544,31,250,0,250,0
35544,32,1,0,1,0
35544,34,1,0,1,0
35747,-2,16,0,16,0
35747,-1,34,0,34,0
35747,0,48,0,48,0
35747,1,13,0,13,0
35747,2,261,0,261,0
35747,3,189,0,189,0
35747,4,85,0,85,0
35747,5,7,0,7,0
35796,-3,192,0,192,0
35796,-2,28,0,28,0
35796,-1,33,0,33,0
35796,0,117,0,117,0
35796,1,69,0,69,0
35796,2,23,0,23,0
35796,3,74,0,74,0
35796,4,52,0,52,0
35796,5,13,0,13,0
35796,6,1,0,1,0
35812,2,18,0,18,0
35812,3,1,0,1,0
35860,-3,35,0,35,0
35860,-2,18,0,18,0
35860,-1,27,0,27,0
35860,0,36,0,36,0
35860,1,152,0,152,0
35860,2,65,0,65,0
35860,3,86,0,86,0
35860,5,131,0,131,0
35860,6,102,0,102,0
35860,7,55,0,55,0
35860,9,83,0,83,0
35860,10,1,0,1,0
35860,11,41,0,41,0
35860,12,73,0,73,0
35860,13,82,0,82,0
35860,14,58,0,58,0
35860,17,9,0,9,0
35860,24,4,0,4,0
35860,25,90,0,90,0
35860,26,74,0,74,0
35860,27,129,0,129,0
35860,28,400,0,400,0
35860,29,222,0,222,0
35860,30,46,0,46,0
35860,31,194,0,194,0
35860,32,1,0,1,0
35860,33,1,0,1,0
36347,-3,29,0,29,0
36347,-2,8,0,8,0
36347,-1,14,0,14,0
36347,1,59,0,59,0
36347,2,108,0,108,0
36347,3,94,0,94,0
36347,4,26,0,26,0
36347,5,1,0,1,0
36347,6,2,0,2,0
36347,7,100,0,100,0
36347,8,62,0,62,0
36347,9,10,0,10,0
36347,10,161,0,161,0
36347,11,223,0,223,0
36347,12,80,0,80,0
36347,13,13,0,13,0
36347,14,1,0,1,0
36347,15,124,0,124,0
36347,16,24,0,24,0
36347,18,113,0,113,0
36347,19,4,0,4,0
36347,20,24,0,24,0
36347,22,1,0,1,0
36347,24,6,0,6,0
36347,25,1,0,1,0
36347,26,9,0,9,0
36347,31,574,0,574,0
36347,32,284,0,284,0
36347,33,5,0,5,0
36347,34,1,0,1,0
36385,-3,62,0,62,0
36385,-2,132,0,132,0
36385,-1,73,0,73,0
36385,0,234,0,234,0
36385,1,47,0,47,0
36385,2,228,0,228,0
36385,3,106,0,106,0
36385,4,140,0,140,0
36385,5,24,0,24,0
36385,6,97,0,97,0
36385,7,39,0,39,0
36385,8,14,0,14,0
36385,9,16,0,16,0
36385,10,143,0,143,0
37298,-2,5,0,5,0
37298,-1,2,0,2,0
37298,0,36,0,36,0
37298,1,70,0,70,0
37298,2,66,0,66,0
37298,3,10,0,10,0
37298,4,2,0,2,0
37298,5,12,0,12,0
37298,6,85,0,85,0
37298,7,32,0,32,0
37298,8,7,0,7,0
37298,9,32,0,32,0
37298,10,17,0,17,0
37298,11,17,0,17,0
37298,12,6,0,6,0
37298,13,49,0,49,0
37298,14,165,0,165,0
37298,17,50,0,50,0
37298,18,103,0,103,0
37298,19,52,0,52,0
37298,20,18,0,18,0
37298,21,28,0,28,0
37298,22,10,0,10,0
37298,23,12,0,12,0
37298,25,17,0,17,0
37298,26,698,0,698,0
37298,27,206,0,206,0
37298,29,38,0,38,0
37298,30,86,0,86,0
37298,31,156,0,156,0
37298,32,6,0,6,0
37298,34,4,0,4,0
37622,-1,25,0,25,0
37622,2,63,0,63,0
37622,5,15,0,15,0
37622,6,28,0,28,0
37622,7,12,0,12,0
37622,12,12,0,12,0
37622,13,50,0,50,0
37622,14,27,0,27,0
37622,15,9,0,9,0
37622,16,28,0,28,0
37622,17,20,0,20,0
37622,18,16,0,16,0
37622,19,16,0,16,0
37622,23,54,0,54,0
37622,28,8,0,8,0
37622,29,32,0,32,0
37622,30,1,0,1,0
37622,32,40,0,40,0
37622,33,10,0,10,0
37622,34,2,0,2,0
37622,35,2,0,2,0
37652,-2,19,0,19,0
37652,-1,12,0,12,0
37652,0,31,0,31,0
37652,1,43,0,43,0
37652,2,168,0,168,0
37652,3,28,0,28,0
37652,4,6,0,6,0
37652,5,3,0,3,0
37652,6,13,0,13,0
37652,8,32,0,32,0
37652,9,143,0,143,0
37652,14,13,0,13,0
37652,15,30,0,30,0
37652,16,1,0,1,0
37652,17,7,0,7,0
37652,18,1,0,1,0
37652,20,116,0,116,0
37652,21,11,0,11,0
37652,22,2,0,2,0
37652,23,2,0,2,0
37652,24,3,0,3,0
37652,27,1,0,1,0
37652,28,15,0,15,0
37652,29,9,0,9,0
37652,30,91,0,91,0
37652,31,44,0,44,0
37652,32,1,0,1,0
37652,33,11,0,11,0
37652,34,27,0,27,0
37652,36,1,0,1,0
37652,38,1,0,1,0
38053,-2,120,0,120,0
38053,-1,157,0,157,0
38053,0,135,0,135,0
38053,1,141,0,141,0
38053,2,135,0,135,0
38053,3,39,0,39,0
38053,4,37,0,37,0
38053,5,57,0,57,0
38053,6,55,0,55,0
38053,7,52,0,52,0
38053,8,78,0,78,0
38053,9,10,0,10,0
38053,10,28,0,28,0
38053,11,14,0,14,0
38053,12,2,0,2,0
38053,13,24,0,24,0
38053,14,70,0,70,0
38053,15,38,0,38,0
38053,16,83,0,83,0
38053,17,27,0,27,0
38053,18,1,0,1,0
38053,19,9,0,9,0
38053,20,1,0,1,0
38053,21,82,0,82,0
38053,22,60,0,60,0
38053,23,55,0,55,0
38053,24,31,0,31,0
38053,25,6,0,6,0
38053,26,87,0,87,0
38053,27,23,0,23,0
38053,28,33,0,33,0
38053,29,82,0,82,0
38053,30,45,0,45,0
38053,31,423,0,423,0
38053,32,54,0,54,0
38053,33,37,0,37,0
38053,34,75,0,75,0
38053,35,22,0,22,0
38053,36,11,0,11,0
38053,37,5,0,5,0
38053,38,1,0,1,0
38234,-1,7,0,7,0
38234,1,26,0,26,0
38234,2,1,0,1,0
38234,4,12,0,12,0
38234,18,13,0,13,0
38234,23,35,0,35,0
38711,0,22,0,22,0
38711,1,10,0,10,0
38711,2,17,0,17,0
38711,3,1,0,1,0
38711,4,4,0,4,0
38711,5,10,0,10,0
38711,6,1,0,1,0
38711,8,2,0,2,0
38711,9,3,0,3,0
38711,15,94,0,94,0
38711,24,5,0,5,0
39208,-2,38,0,38,0
39208,-1,88,0,88,0
39208,0,44,0,44,0
39208,1,43,0,43,0
39208,2,113,0,113,0
39208,3,57,0,57,0
39208,4,44,0,44,0
39208,5,27,0,27,0
39208,6,147,0,147,0
39208,7,59,0,59,0
39208,8,51,0,51,0
39208,9,19,0,19,0
39208,10,28,0,28,0
39208,11,1,0,1,0
39208,12,45,0,45,0
39208,13,50,0,50,0
39208,14,106,0,106,0
39208,15,90,0,90,0
39208,16,71,0,71,0
39208,17,86,0,86,0
39208,18,86,0,86,0
39208,19,117,0,117,0
39208,20,32,0,32,0
39208,21,81,0,81,0
39208,22,23,0,23,0
39208,23,28,0,28,0
39208,24,35,0,35,0
39208,25,76,0,76,0
39208,26,78,0,78,0
39208,27,108,0,108,0
39208,28,59,0,59,0
39208,29,10,0,10,0
39208,30,24,0,24,0
39208,31,4,0,4,0
39208,32,36,0,36,0
39208,33,55,0,55,0
39208,34,4,0,4,0
39208,35,1,0,1,0
39208,36,1,0,1,0
39208,37,2,0,2,0
39411,-3,1,0,1,0
39411,-2,16,0,16,0
39411,0,35,0,35,0
39411,1,14,0,14,0
39411,2,21,0,21,0
39411,3,49,0,49,0
39411,4,21,0,21,0
39411,5,7,0,7,0
39427,-1,10,0,10,0
39427,2,5,0,5,0
39427,3,48,0,48,0
39427,4,8,0,8,0
39427,5,7,0,7,0
39427,6,15,0,15,0
39655,-1,8,0,8,0
39655,0,26,0,26,0
39655,1,53,0,53,0
39655,2,25,0,25,0
39655,5,50,0,50,0
39655,8,1,0,1,0
39655,9,11,0,11,0
39655,10,56,0,56,0
39655,12,14,0,14,0
39655,13,7,0,7,0
39655,14,36,0,36,0
39655,15,1,0,1,0
39655,16,20,0,20,0
39655,17,3,0,3,0
39655,18,27,0,27,0
39655,19,13,0,13,0
39655,21,25,0,25,0
39655,22,5,0,5,0
39655,23,15,0,15,0
39655,24,21,0,21,0
39655,26,3,0,3,0
39655,28,2,0,2,0
39655,31,10,0,10,0
39660,-3,56,0,56,0
39660,-2,12,0,12,0
39660,-1,67,0,67,0
39660,0,52,0,52,0
39660,1,64,0,64,0
39660,2,28,0,28,0
39660,3,9,0,9,0
39660,4,41,0,41,0
39660,5,18,0,18,0
39660,6,66,0,66,0
39660,7,22,0,22,0
39660,8,28,0,28,0
39660,9,62,0,62,0
39660,10,21,0,21,0
39660,11,16,0,16,0
39660,12,15,0,15,0
39660,13,14,0,14,0
39660,16,5,0,5,0
39660,17,2,0,2,0
39660,18,27,0,27,0
39660,20,5,0,5,0
39882,-1,49,0,49,0
39882,1,13,0,13,0
39882,2,70,0,70,0
39882,3,49,0,49,0
39882,4,4,0,4,0
39882,5,6,0,6,0
39882,6,87,0,87,0
39882,7,276,0,276,0
39882,10,74,0,74,0
39882,11,104,0,104,0
39882,13,19,0,19,0
39882,15,5,0,5,0
39882,17,355,0,355,0
39882,18,24,0,24,0
39882,19,1,0,1,0
39882,21,4,0,4,0
39882,22,4,0,4,0
39882,28,557,0,557,0
39882,29,33,0,33,0
39882,30,27,0,27,0
40184,-3,89,0,89,0
40184,-2,15,0,15,0
40184,-1,17,0,17,0
40184,0,98,0,98,0
40184,1,69,0,69,0
40184,2,147,0,147,0
40184,3,71,0,71,0
40184,4,15,0,15,0
40184,5,4,0,4,0
40184,6,39,0,39,0
40184,7,45,0,45,0
40184,8,43,0,43,0
40184,9,8,0,8,0
40184,10,20,0,20,0
40184,11,35,0,35,0
40184,12,52,0,52,0
40184,13,14,0,14,0
40184,14,11,0,11,0
40184,15,48,0,48,0
40184,16,107,0,107,0
40184,17,96,0,96,0
40184,18,106,0,106,0
40184,19,205,0,205,0
40184,20,22,0,22,0
40184,21,112,0,112,0
40184,22,25,0,25,0
40184,23,33,0,33,0
40184,24,46,0,46,0
40184,26,14,0,14,0
40184,27,4,0,4,0
40184,28,22,0,22,0
40184,29,52,0,52,0
40184,30,14,0,14,0
40184,31,110,0,110,0
40184,32,51,0,51,0
40184,33,6,0,6,0
40184,35,9,0,9,0
40184,36,2,0,2,0
40333,-3,27,0,27,0
40333,-2,7,0,7,0
40333,-1,5,0,5,0
40333,0,15,0,15,0
40333,1,90,0,90,0
40333,2,30,0,30,0
40419,-2,14,0,14,0
40419,0,79,0,79,0
40419,2,32,0,32,0
40419,3,70,0,70,0
40419,4,24,0,24,0
40419,6,2,0,2,0
40419,7,73,0,73,0
40419,8,1,0,1,0
40419,12,34,0,34,0
40419,14,59,0,59,0
40419,15,13,0,13,0
40419,17,43,0,43,0
40419,18,23,0,23,0
40419,19,2,0,2,0
40419,20,22,0,22,0
40419,23,95,0,95,0
40419,24,3,0,3,0
40419,27,1,0,1,0
40419,28,31,0,31,0
40419,29,18,0,18,0
40419,32,12,0,12,0
40419,33,53,0,53,0
40508,-2,29,0,29,0
40508,-1,47,0,47,0
40508,0,15,0,15,0
40563,-3,27,0,27,0
40563,-2,11,0,11,0
40563,-1,41,0,41,0
40563,0,52,0,52,0
40563,1,44,0,44,0
40563,2,33,0,33,0
40563,3,41,0,41,0
40563,4,26,0,26,0
40563,5,23,0,23,0
40563,6,11,0,11,0
40563,7,47,0,47,0
40563,8,1,0,1,0
40563,9,9,0,9,0
40563,11,13,0,13,0
40563,12,4,0,4,0
40563,13,13,0,13,0
40563,14,4,0,4,0
40563,15,6,0,6,0
40563,16,5,0,5,0
40563,17,22,0,22,0
40563,18,26,0,26,0
40563,19,5,0,5,0
40563,20,1,0,1,0
40563,21,21,0,21,0
40563,22,20,0,20,0
40563,23,44,0,44,0
40563,24,16,0,16,0
40563,25,4,0,4,0
40563,28,5,0,5,0
40563,29,4,0,4,0
40563,33,5,0,5,0
40604,-3,13,0,13,0
40604,-2,50,0,50,0
40604,-1,17,0,17,0
40604,0,19,0,19,0
40604,1,18,0,18,0
40604,2,117,0,117,0
40604,3,28,0,28,0
40604,4,6,0,6,0
40604,5,9,0,9,0
40604,6,11,0,11,0
40604,9,121,0,121,0
40604,10,1,0,1,0
40604,12,1,0,1,0
40604,13,5,0,5,0
40604,14,8,0,8,0
40604,15,2,0,2,0
40604,21,5,0,5,0
40604,22,9,0,9,0
40604,23,2,0,2,0
40604,26,1,0,1,0
40604,27,7,0,7,0
40604,28,1,0,1,0
40604,31,3,0,3,0
40604,32,10,0,10,0
40604,33,1,0,1,0
40857,-3,1,0,1,0
40857,-2,27,0,27,0
40857,-1,4,0,4,0
40857,0,113,0,113,0
40857,2,20,0,20,0
40857,3,78,0,78,0
40857,4,1,0,1,0
40857,5,38,0,38,0
40857,7,16,0,16,0
40857,14,6,0,6,0
40878,-3,47,0,47,0
40878,-2,48,0,48,0
40878,-1,13,0,13,0
40878,0,128,0,128,0
40878,1,94,0,94,0
40878,2,118,0,118,0
40878,3,5,0,5,0
40878,4,234,0,234,0
40878,5,42,0,42,0
40878,6,116,0,116,0
40878,7,6,0,6,0
40878,8,29,0,29,0
40878,9,73,0,73,0
40878,10,181,0,181,0
40878,11,2,0,2,0
40878,13,95,0,95,0
40878,14,30,0,30,0
40878,15,39,0,39,0
40878,16,64,0,64,0
40878,17,95,0,95,0
40878,18,224,0,224,0
40878,19,5,0,5,0
40878,20,8,0,8,0
40878,21,24,0,24,0
40878,22,72,0,72,0
40878,23,75,0,75,0
40878,24,23,0,23,0
40878,25,20,0,20,0
40878,28,177,0,177,0
40878,29,1,0,1,0
40878,33,228,0,228,0
40878,34,120,0,120,0
40878,35,6,0,6,0
40878,36,13,0,13,0
41060,-3,1,0,1,0
41060,-1,22,0,22,0
41060,0,22,0,22,0
41060,3,60,0,60,0
41060,6,27,0,27,0
41060,7,49,0,49,0
41060,8,15,0,15,0
41060,9,32,0,32,0
41060,11,24,0,24,0
41060,12,26,0,26,0
41060,13,17,0,17,0
41060,14,9,0,9,0
41060,15,10,0,10,0
41060,16,27,0,27,0
41060,20,43,0,43,0
41060,24,27,0,27,0
41414,-1,97,0,97,0
41414,0,36,0,36,0
41414,1,6,0,6,0
41414,3,9,0,9,0
41414,4,10,0,10,0
41414,5,30,0,30,0
41414,6,20,0,20,0
41414,7,3,0,3,0
41414,8,24,0,24,0
41414,9,25,0,25,0
41414,10,25,0,25,0
41414,11,72,0,72,0
41414,13,5,0,5,0
41414,14,3,0,3,0
41414,15,29,0,29,0
41414,16,6,0,6,0
41414,18,5,0,5,0
41414,19,61,0,61,0
41414,20,179,0,179,0
41414,21,31,0,31,0
41414,22,9,0,9,0
41414,23,1,0,1,0
41414,24,68,0,68,0
41414,25,23,0,23,0
41414,26,6,0,6,0
41414,28,66,0,66,0
41414,29,114,0,114,0
41414,31,1,0,1,0
41414,33,1,0,1,0
41489,-2,2,0,2,0
41489,0,35,0,35,0
41489,1,6,0,6,0
41489,2,1,0,1,0
41489,3,9,0,9,0
41547,-1,13,0,13,0
41547,0,78,0,78,0
41547,1,84,0,84,0
41547,2,23,0,23,0
41547,3,8,0,8,0
41547,4,28,0,28,0
41547,5,23,0,23,0
41547,6,74,0,74,0
41547,7,3,0,3,0
41547,8,16,0,16,0
41547,9,9,0,9,0
41547,10,12,0,12,0
41547,12,3,0,3,0
41547,13,5,0,5,0
41547,14,16,0,16,0
41547,15,86,0,86,0
41547,16,74,0,74,0
41547,17,22,0,22,0
41547,18,18,0,18,0
41547,19,23,0,23,0
41547,21,81,0,81,0
41547,22,59,0,59,0
41547,23,17,0,17,0
41547,24,35,0,35,0
41547,25,23,0,23,0
41547,26,71,0,71,0
41547,28,2,0,2,0
41547,29,58,0,58,0
41547,32,33,0,33,0
41547,33,10,0,10,0
42552,-3,65,0,65,0
42552,-2,166,0,166,0
42552,-1,42,0,42,0
42552,0,246,0,246,0
42552,1,158,0,158,0
42552,2,20,0,20,0
42552,3,138,0,138,0
42552,4,365,0,365,0
42552,5,99,0,99,0
42552,6,586,0,586,0
42552,7,76,0,76,0
42552,8,83,0,83,0
42552,9,10,0,10,0
42552,11,13,0,13,0
42552,12,173,0,173,0
42552,13,127,0,127,0
42552,14,37,0,37,0
42552,15,75,0,75,0
42552,16,131,0,131,0
42552,17,215,0,215,0
42552,18,264,0,264,0
42552,20,117,0,117,0
42552,21,504,0,504,0
42552,22,2,0,2,0
42552,23,417,0,417,0
42552,24,189,0,189,0
42552,25,52,0,52,0
42552,26,206,0,206,0
42552,27,156,0,156,0
42552,28,151,0,151,0
42552,29,8,0,8,0
42552,30,140,0,140,0
42552,31,6,0,6,0
42552,32,21,0,21,0
42552,33,1,0,1,0
42552,34,1,0,1,0
42552,35,14,0,14,0
42552,37,5,0,5,0
42616,-3,21,0,21,0
42616,-2,14,0,14,0
42616,-1,87,0,87,0
42616,0,160,0,160,0
42616,1,142,0,142,0
42616,2,162,0,162,0
42616,3,341,0,341,0
42616,4,127,0,127,0
42616,5,190,0,190,0
42616,6,105,0,105,0
42616,7,126,0,126,0
42616,8,43,0,43,0
42616,9,25,0,25,0
42616,10,32,0,32,0
42616,11,154,0,154,0
42616,13,149,0,149,0
42616,14,90,0,90,0
42616,15,33,0,33,0
42616,17,7,0,7,0
42616,18,67,0,67,0
42616,19,152,0,152,0
42616,20,178,0,178,0
42616,21,165,0,165,0
42616,22,159,0,159,0
42616,23,47,0,47,0
42616,25,22,0,22,0
42616,26,193,0,193,0
42616,27,666,0,666,0
42616,28,90,0,90,0
42616,29,17,0,17,0
42616,30,45,0,45,0
42616,31,66,0,66,0
42616,32,95,0,95,0
42616,33,121,0,121,0
42616,35,2,0,2,0
42638,-3,58,0,58,0
42638,-2,289,0,289,0
42638,-1,107,0,107,0
42638,0,307,0,307,0
42638,1,424,0,424,0
42638,2,678,0,678,0
42638,3,265,0,265,0
42638,4,275,0,275,0
42638,5,208,0,208,0
42638,6,342,0,342,0
42638,7,319,0,319,0
42638,8,253,0,253,0
42638,9,416,0,416,0
42638,10,144,0,144,0
42638,11,89,0,89,0
42638,12,57,0,57,0
42638,13,322,0,322,0
42638,14,545,0,545,0
42638,15,491,0,491,0
42638,16,245,0,245,0
42638,17,202,0,202,0
42638,18,206,0,206,0
42638,19,394,0,394,0
42638,20,199,0,199,0
42638,21,389,0,389,0
42638,22,692,0,692,0
42638,23,318,0,318,0
42638,24,258,0,258,0
42638,25,178,0,178,0
42638,26,326,0,326,0
42638,27,390,0,390,0
42638,28,400,0,400,0
42638,29,508,0,508,0
42638,30,670,0,670,0
42638,31,318,0,318,0
42638,32,270,0,270,0
42638,33,165,0,165,0
42638,34,50,0,50,0
42638,35,16,0,16,0
42638,36,32,0,32,0
42638,37,19,0,19,0
42638,38,11,0,11,0
42668,-3,33,0,33,0
42668,-2,6,0,6,0
42668,-1,40,0,40,0
42668,0,5,0,5,0
42668,1,43,0,43,0
42668,2,151,0,151,0
42668,3,67,0,67,0
42668,4,21,0,21,0
42668,5,192,0,192,0
42668,6,133,0,133,0
42668,7,39,0,39,0
42668,8,151,0,151,0
42668,9,13,0,13,0
42668,10,3,0,3,0
42668,11,21,0,21,0
42668,12,255,0,255,0
42668,14,3,0,3,0
42668,15,7,0,7,0
42668,16,28,0,28,0
42668,17,8,0,8,0
42668,18,211,0,211,0
42668,19,4,0,4,0
42668,20,2,0,2,0
42668,21,7,0,7,0
42668,22,199,0,199,0
42668,23,171,0,171,0
42668,24,45,0,45,0
42668,25,13,0,13,0
42668,26,2,0,2,0
42668,27,19,0,19,0
42668,28,15,0,15,0
42668,29,8,0,8,0
42668,30,116,0,116,0
42668,31,803,0,803,0
42668,33,5,0,5,0
42746,-3,135,0,135,0
42746,-2,111,0,111,0
42746,-1,124,0,124,0
42746,0,402,0,402,0
42746,1,330,0,330,0
42746,2,779,0,779,0
42746,3,352,0,352,0
42746,4,397,0,397,0
42746,5,466,0,466,0
42746,6,251,0,251,0
42746,7,329,0,329,0
42746,8,275,0,275,0
42746,9,379,0,379,0
42746,10,330,0,330,0
42746,11,82,0,82,0
42746,12,210,0,210,0
42746,13,448,0,448,0
42746,14,301,0,301,0
42746,15,139,0,139,0
42746,16,83,0,83,0
42746,17,198,0,198,0
42746,18,405,0,405,0
42746,19,507,0,507,0
42746,20,349,0,349,0
42746,21,397,0,397,0
42746,22,446,0,446,0
42746,23,205,0,205,0
42746,24,102,0,102,0
42746,25,374,0,374,0
42746,26,89,0,89,0
42746,27,310,0,310,0
42746,28,331,0,331,0
42746,29,326,0,326,0
42746,30,269,0,269,0
42746,31,106,0,106,0
42746,32,151,0,151,0
42746,33,126,0,126,0
42746,34,32,0,32,0
42746,36,4,0,4,0
42746,37,22,0,22,0
42746,38,1,0,1,0
42818,-3,4,0,4,0
42818,-2,18,0,18,0
42818,-1,19,0,19,0
42818,0,42,0,42,0
42818,1,59,0,59,0
42818,2,12,0,12,0
42818,3,37,0,37,0
42818,4,8,0,8,0
42818,5,1,0,1,0
43273,-2,1,0,1,0
43273,1,11,0,11,0
43273,2,141,0,141,0
43273,3,12,0,12,0
43273,4,30,0,30,0
43273,5,9,0,9,0
43273,7,37,0,37,0
43273,8,7,0,7,0
43273,10,11,0,11,0
43273,11,11,0,11,0
43273,12,153,0,153,0
43273,13,2,0,2,0
43273,14,3,0,3,0
43273,17,16,0,16,0
43273,18,186,0,186,0
43273,19,5,0,5,0
43273,20,9,0,9,0
43273,22,43,0,43,0
43273,23,97,0,97,0
43273,24,6,0,6,0
43273,25,6,0,6,0
43273,26,10,0,10,0
43273,28,94,0,94,0
43273,29,753,0,753,0
43273,31,208,0,208,0
43273,32,1,0,1,0
43284,-3,24,0,24,0
43284,-2,76,0,76,0
43284,-1,66,0,66,0
43284,0,28,0,28,0
43284,1,28,0,28,0
43284,2,55,0,55,0
43284,3,25,0,25,0
43284,4,71,0,71,0
43284,5,62,0,62,0
43284,6,38,0,38,0
43284,7,30,0,30,0
43284,8,10,0,10,0
43284,9,33,0,33,0
43284,10,27,0,27,0
43284,11,41,0,41,0
43284,12,5,0,5,0
43284,13,40,0,40,0
43284,14,20,0,20,0
43284,15,15,0,15,0
43284,16,9,0,9,0
43284,17,14,0,14,0
43284,18,42,0,42,0
43284,19,16,0,16,0
43284,21,1,0,1,0
43284,23,25,0,25,0
43284,24,15,0,15,0
43284,26,1,0,1,0
43284,27,8,0,8,0
43284,28,12,0,12,0
43284,29,9,0,9,0
43284,32,1,0,1,0
43430,-3,86,0,86,0
43430,-2,180,0,180,0
43430,-1,167,0,167,0
43430,0,67,0,67,0
43430,1,36,0,36,0
43430,2,99,0,99,0
43430,3,311,0,311,0
43430,4,173,0,173,0
43430,5,68,0,68,0
43430,6,256,0,256,0
43430,7,260,0,260,0
43430,8,217,0,217,0
43430,10,31,0,31,0
43430,11,69,0,69,0
43430,12,227,0,227,0
43430,13,19,0,19,0
43430,14,91,0,91,0
43430,15,86,0,86,0
43430,16,136,0,136,0
43430,17,98,0,98,0
43430,18,213,0,213,0
43430,19,402,0,402,0
43430,20,298,0,298,0
43430,21,141,0,141,0
43430,22,198,0,198,0
43430,23,238,0,238,0
43430,24,455,0,455,0
43430,25,288,0,288,0
43430,26,291,0,291,0
43430,27,166,0,166,0
43430,28,65,0,65,0
43430,29,86,0,86,0
43430,30,14,0,14,0
43430,31,133,0,133,0
43430,32,14,0,14,0
43430,33,14,0,14,0
43564,-2,26,0,26,0
43564,-1,61,0,61,0
43564,0,64,0,64,0
43564,1,115,0,115,0
43564,2,267,0,267,0
43564,3,99,0,99,0
43564,4,104,0,104,0
43564,5,63,0,63,0
43564,6,65,0,65,0
43564,7,124,0,124,0
43564,8,29,0,29,0
43564,9,77,0,77,0
43564,10,11,0,11,0
43564,11,18,0,18,0
43564,12,32,0,32,0
43564,13,10,0,10,0
43564,15,75,0,75,0
43564,16,100,0,100,0
43564,17,99,0,99,0
43564,18,5,0,5,0
43564,19,67,0,67,0
43564,20,30,0,30,0
43564,21,56,0,56,0
43564,22,388,0,388,0
43564,23,24,0,24,0
43564,24,20,0,20,0
43564,26,56,0,56,0
43564,27,99,0,99,0
43564,28,31,0,31,0
43564,29,8,0,8,0
43564,31,8,0,8,0
43564,32,21,0,21,0
43564,33,53,0,53,0
43564,35,1,0,1,0
43564,36,16,0,16,0
43564,37,12,0,12,0
43958,-3,55,0,55,0
43958,-2,43,0,43,0
43958,-1,100,0,100,0
43958,0,397,0,397,0
43958,1,272,0,272,0
43958,2,502,0,502,0
43958,3,88,0,88,0
43958,4,276,0,276,0
43958,5,309,0,309,0
43958,6,415,0,415,0
43958,7,379,0,379,0
43958,8,131,0,131,0
43958,9,149,0,149,0
43958,10,138,0,138,0
43958,11,36,0,36,0
43958,13,16,0,16,0
43958,14,7,0,7,0
43958,15,5,0,5,0
45423,-1,50,0,50,0
45423,0,199,0,199,0
45423,1,332,0,332,0
45423,2,58,0,58,0
45423,3,251,0,251,0
45423,4,275,0,275,0
45423,5,236,0,236,0
45423,6,85,0,85,0
45423,7,255,0,255,0
45423,8,99,0,99,0
45423,9,102,0,102,0
45423,10,16,0,16,0
45423,12,191,0,191,0
45423,13,298,0,298,0
45423,14,33,0,33,0
45423,18,29,0,29,0
45423,19,238,0,238,0
45423,20,170,0,170,0
45423,21,355,0,355,0
45423,22,178,0,178,0
45423,23,146,0,146,0
45423,24,277,0,277,0
45423,27,29,0,29,0
45423,28,59,0,59,0
45423,29,23,0,23,0
45423,32,398,0,398,0
45423,34,1,0,1,0
45462,-2,73,0,73,0
45462,-1,107,0,107,0
45462,0,74,0,74,0
45462,2,190,0,190,0
45462,3,55,0,55,0
45462,4,111,0,111,0
45462,5,29,0,29,0
45462,6,12,0,12,0
45462,7,53,0,53,0
45462,8,6,0,6,0
45462,9,11,0,11,0
45462,10,4,0,4,0
45462,12,1,0,1,0
45462,13,10,0,10,0
45462,14,7,0,7,0
45462,15,2,0,2,0
45462,16,56,0,56,0
45462,17,4,0,4,0
45462,18,86,0,86,0
45462,19,52,0,52,0
45462,20,44,0,44,0
45462,21,6,0,6,0
45462,22,17,0,17,0
45462,23,67,0,67,0
45462,24,54,0,54,0
45462,25,33,0,33,0
45462,26,57,0,57,0
45462,27,25,0,25,0
45462,28,13,0,13,0
45462,29,54,0,54,0
45462,30,52,0,52,0
45462,34,123,0,123,0
45462,36,3,0,3,0
45462,38,1,0,1,0
45642,-2,8,0,8,0
45642,-1,13,0,13,0
45642,0,28,0,28,0
45642,1,73,0,73,0
45642,2,184,0,184,0
45642,3,103,0,103,0
45642,4,42,0,42,0
45642,5,69,0,69,0
45642,6,13,0,13,0
45642,7,50,0,50,0
45642,8,9,0,9,0
45642,10,30,0,30,0
45642,11,16,0,16,0
45642,12,25,0,25,0
45642,13,52,0,52,0
45642,14,7,0,7,0
45642,15,45,0,45,0
45642,16,12,0,12,0
45642,17,74,0,74,0
45642,18,15,0,15,0
45642,19,15,0,15,0
45642,20,28,0,28,0
45642,21,21,0,21,0
45642,22,15,0,15,0
45642,23,53,0,53,0
45642,24,1,0,1,0
45642,25,61,0,61,0
45642,26,61,0,61,0
45642,27,13,0,13,0
45642,29,15,0,15,0
45642,30,25,0,25,0
45642,31,37,0,37,0
45642,32,88,0,88,0
45642,33,98,0,98,0
45642,34,8,0,8,0
45642,35,9,0,9,0
45642,37,12,0,12,0
45664,-3,36,0,36,0
45664,-2,29,0,29,0
45664,-1,20,0,20,0
45664,0,53,0,53,0
45664,1,44,0,44,0
45664,2,125,0,125,0
45664,3,154,0,154,0
45664,4,30,0,30,0
45664,5,32,0,32,0
45664,6,2,0,2,0
45664,7,141,0,141,0
45664,8,1,0,1,0
45664,9,172,0,172,0
45664,10,28,0,28,0
45664,11,183,0,183,0
45664,12,2,0,2,0
45664,13,1,0,1,0
45664,14,8,0,8,0
45664,15,25,0,25,0
45664,16,90,0,90,0
45664,17,3,0,3,0
45664,19,43,0,43,0
45664,20,39,0,39,0
45664,21,90,0,90,0
45664,23,17,0,17,0
45664,27,2,0,2,0
45664,28,48,0,48,0
45664,29,10,0,10,0
45664,32,16,0,16,0
45664,33,1,0,1,0
46016,-4,35,0,35,0
46016,-3,1,0,1,0
46016,-2,43,0,43,0
46016,-1,25,0,25,0
46016,0,66,0,66,0
46016,1,43,0,43,0
46016,2,46,0,46,0
46016,3,5,0,5,0
46016,4,15,0,15,0
46016,5,40,0,40,0
46016,7,5,0,5,0
46016,8,28,0,28,0
46016,11,18,0,18,0
46016,14,8,0,8,0
46016,15,10,0,10,0
46016,27,1,0,1,0
46048,5,12,0,12,0
46148,0,67,0,67,0
46148,1,29,0,29,0
46148,2,55,0,55,0
46148,3,106,0,106,0
46148,4,121,0,121,0
46148,5,95,0,95,0
46148,6,286,0,286,0
46148,7,156,0,156,0
46148,8,42,0,42,0
46148,9,41,0,41,0
46148,10,143,0,143,0
46148,11,58,0,58,0
46148,12,81,0,81,0
46148,13,127,0,127,0
46148,14,64,0,64,0
46148,15,67,0,67,0
46148,16,55,0,55,0
46148,17,169,0,169,0
46148,18,86,0,86,0
46148,19,186,0,186,0
46148,20,11,0,11,0
46148,21,169,0,169,0
46148,22,137,0,137,0
46148,23,381,0,381,0
46148,24,48,0,48,0
46148,25,51,0,51,0
46148,26,85,0,85,0
46148,27,481,0,481,0
46148,30,117,0,117,0
46148,31,53,0,53,0
46148,32,156,0,156,0
46148,34,1,0,1,0
46605,-3,46,0,46,0
46605,-2,39,0,39,0
46605,-1,20,0,20,0
46605,0,109,0,109,0
46605,1,275,0,275,0
46605,2,164,0,164,0
46605,3,134,0,134,0
46605,4,300,0,300,0
46605,5,140,0,140,0
46605,6,135,0,135,0
46605,7,174,0,174,0
46605,8,49,0,49,0
46605,9,141,0,141,0
46605,10,65,0,65,0
46605,11,41,0,41,0
46605,12,119,0,119,0
46605,13,95,0,95,0
46605,14,85,0,85,0
46605,15,44,0,44,0
46605,16,44,0,44,0
46605,17,31,0,31,0
46605,18,45,0,45,0
46605,19,158,0,158,0
46605,20,40,0,40,0
46605,21,62,0,62,0
46605,22,30,0,30,0
46605,23,23,0,23,0
46605,24,21,0,21,0
46605,25,23,0,23,0
46605,26,25,0,25,0
46605,27,63,0,63,0
46605,28,28,0,28,0
46605,29,111,0,111,0
46605,30,22,0,22,0
46605,31,31,0,31,0
46605,32,445,0,445,0
46605,33,44,0,44,0
46605,34,6,0,6,0
46705,-3,67,0,67,0
46705,-2,33,0,33,0
46705,-1,256,0,256,0
46705,0,117,0,117,0
46705,1,29,0,29,0
46705,2,72,0,72,0
46705,3,16,0,16,0
46705,4,58,0,58,0
46705,5,17,0,17,0
46705,6,20,0,20,0
46705,7,1,0,1,0
46705,8,66,0,66,0
46705,9,47,0,47,0
46705,10,3,0,3,0
46705,13,17,0,17,0
46705,14,3,0,3,0
46705,15,1,0,1,0
46705,16,4,0,4,0
46705,17,1,0,1,0
46705,20,164,0,164,0
46705,21,8,0,8,0
46705,24,2,0,2,0
46705,26,19,0,19,0
46705,27,66,0,66,0
46705,29,4,0,4,0
46705,30,55,0,55,0
46705,31,3,0,3,0
46753,-3,115,0,115,0
46753,-2,7,0,7,0
46753,-1,258,0,258,0
46753,0,108,0,108,0
46753,1,55,0,55,0
46753,2,74,0,74,0
46753,3,165,0,165,0
46753,4,105,0,105,0
46753,5,152,0,152,0
46753,6,21,0,21,0
46753,7,22,0,22,0
46753,8,3,0,3,0
46753,9,4,0,4,0
46753,10,46,0,46,0
46753,11,60,0,60,0
46753,12,24,0,24,0
46753,13,25,0,25,0
46753,14,13,0,13,0
46753,15,42,0,42,0
46753,16,26,0,26,0
46753,18,24,0,24,0
46753,19,131,0,131,0
46753,21,13,0,13,0
46753,22,11,0,11,0
46753,26,2,0,2,0
46753,27,28,0,28,0
46753,28,86,0,86,0
46753,29,7,0,7,0
46753,30,150,0,150,0
46753,32,2,0,2,0
46812,0,24,0,24,0
46812,1,30,0,30,0
46812,2,72,0,72,0
46812,3,4,0,4,0
46812,4,8,0,8,0
46812,5,3,0,3,0
46844,-4,9,0,9,0
46844,-3,4,0,4,0
46844,-1,4,0,4,0
46844,1,74,0,74,0
46844,2,2,0,2,0
46844,4,20,0,20,0
46844,6,21,0,21,0
46844,7,61,0,61,0
46844,8,4,0,4,0
46844,9,1,0,1,0
46844,10,4,0,4,0
46844,13,18,0,18,0
46844,15,15,0,15,0
46844,16,15,0,15,0
46844,17,3,0,3,0
46844,18,8,0,8,0
46844,20,7,0,7,0
46844,21,9,0,9,0
46844,23,1,0,1,0
46844,25,4,0,4,0
46844,28,6,0,6,0
46844,29,4,0,4,0
46844,30,1,0,1,0
46844,31,4,0,4,0
46844,32,31,0,31,0
46844,33,1,0,1,0
46844,34,2,0,2,0
46844,36,1,0,1,0
46844,37,6,0,6,0
47061,4,66,0,66,0
47061,8,23,0,23,0
47061,9,103,0,103,0
47061,18,45,0,45,0
47061,22,4,0,4,0
47061,23,43,0,43,0
47061,24,8,0,8,0
47061,31,11,0,11,0
47061,32,26,0,26,0
47061,33,18,0,18,0
47063,-1,19,0,19,0
47063,1,7,0,7,0
47063,2,7,0,7,0
47063,3,1,0,1,0
47063,4,27,0,27,0
47063,5,2,0,2,0
47063,6,1,0,1,0
47063,7,1,0,1,0
47063,8,13,0,13,0
47063,10,4,0,4,0
47063,11,4,0,4,0
47063,12,14,0,14,0
47063,13,2,0,2,0
47063,14,9,0,9,0
47063,17,19,0,19,0
47063,18,2,0,2,0
47063,19,1,0,1,0
47063,20,3,0,3,0
47063,21,1,0,1,0
47855,3,5,0,5,0
47855,6,5,0,5,0
47855,7,1,0,1,0
47855,14,1,0,1,0
47861,-3,221,0,221,0
47861,-2,235,0,235,0
47861,-1,241,0,241,0
47861,0,668,0,668,0
47861,1,593,0,593,0
47861,2,574,0,574,0
47861,3,608,0,608,0
47861,4,460,0,460,0
47861,5,188,0,188,0
47861,6,342,0,342,0
47861,7,494,0,494,0
47861,8,117,0,117,0
47861,9,50,0,50,0
47861,10,58,0,58,0
47861,11,36,0,36,0
47861,12,65,0,65,0
47861,13,77,0,77,0
47861,14,35,0,35,0
47861,15,141,0,141,0
47861,16,335,0,335,0
47861,17,87,0,87,0
47861,18,113,0,113,0
47861,19,115,0,115,0
47861,20,115,0,115,0
47861,21,109,0,109,0
47861,22,477,0,477,0
47861,23,379,0,379,0
47861,24,55,0,55,0
47861,25,17,0,17,0
47861,26,362,0,362,0
47861,27,115,0,115,0
47861,28,80,0,80,0
47861,29,391,0,391,0
47861,30,97,0,97,0
47861,31,278,0,278,0
47861,32,187,0,187,0
47861,33,105,0,105,0
47861,34,134,0,134,0
47861,35,3,0,3,0
47891,-2,14,0,14,0
47891,-1,40,0,40,0
47891,0,1,0,1,0
47891,2,16,0,16,0
47891,3,6,0,6,0
47891,6,14,0,14,0
47891,8,3,0,3,0
47891,12,1,0,1,0
47891,13,4,0,4,0
47891,14,14,0,14,0
47891,15,4,0,4,0
47891,17,1,0,1,0
47924,6,34,0,34,0
48040,-2,22,0,22,0
48040,-1,28,0,28,0
48040,0,83,0,83,0
48040,1,93,0,93,0
48040,2,43,0,43,0
48040,3,15,0,15,0
48040,4,77,0,77,0
48040,5,89,0,89,0
48040,6,67,0,67,0
48040,7,42,0,42,0
48040,8,14,0,14,0
48040,9,22,0,22,0
48040,10,48,0,48,0
48040,11,45,0,45,0
48040,12,80,0,80,0
48040,13,44,0,44,0
48040,14,18,0,18,0
48040,15,60,0,60,0
48040,16,102,0,102,0
48040,17,20,0,20,0
48040,18,104,0,104,0
48040,19,23,0,23,0
48040,20,3,0,3,0
48040,21,13,0,13,0
48040,22,35,0,35,0
48040,23,127,0,127,0
48040,24,26,0,26,0
48040,25,13,0,13,0
48040,26,41,0,41,0
48040,27,5,0,5,0
48040,28,16,0,16,0
48040,29,102,0,102,0
48040,30,67,0,67,0
48040,31,101,0,101,0
48040,32,22,0,22,0
48040,33,13,0,13,0
48040,34,95,0,95,0
48040,35,6,0,6,0
48040,36,3,0,3,0
48040,38,2,0,2,0
48152,-3,11,0,11,0
48152,-2,25,0,25,0
48152,-1,1,0,1,0
48152,2,44,0,44,0
48152,3,23,0,23,0
48152,5,10,0,10,0
48152,6,74,0,74,0
48152,7,15,0,15,0
48152,12,52,0,52,0
48152,14,1,0,1,0
48152,15,13,0,13,0
48152,16,3,0,3,0
48152,17,21,0,21,0
48152,21,17,0,17,0
48152,22,32,0,32,0
48152,23,54,0,54,0
48152,26,1,0,1,0
48152,28,8,0,8,0
48152,29,26,0,26,0
48152,31,44,0,44,0
48152,32,18,0,18,0
48152,33,30,0,30,0
48152,35,4,0,4,0
48152,37,1,0,1,0
48503,-1,16,0,16,0
48503,0,2,0,2,0
48503,1,59,0,59,0
48503,2,31,0,31,0
48503,3,13,0,13,0
48503,4,3,0,3,0
48503,5,26,0,26,0
48503,6,72,0,72,0
48503,7,56,0,56,0
48503,8,6,0,6,0
48503,12,15,0,15,0
48503,13,7,0,7,0
48503,14,9,0,9,0
48503,15,7,0,7,0
48503,17,13,0,13,0
48503,18,8,0,8,0
48503,19,8,0,8,0
48503,22,23,0,23,0
48503,23,5,0,5,0
48503,24,7,0,7,0
48503,28,14,0,14,0
48503,29,17,0,17,0
48503,34,13,0,13,0
48503,35,4,0,4,0
48635,-3,11,0,11,0
48635,-2,135,0,135,0
48635,-1,142,0,142,0
48635,0,257,0,257,0
48635,1,81,0,81,0
48635,2,481,0,481,0
48635,3,199,0,199,0
48635,4,197,0,197,0
48635,5,58,0,58,0
48635,6,56,0,56,0
48635,7,191,0,191,0
48635,8,43,0,43,0
48635,9,178,0,178,0
48635,10,147,0,147,0
48635,11,11,0,11,0
48635,12,87,0,87,0
48635,13,77,0,77,0
48635,14,61,0,61,0
48635,15,48,0,48,0
48635,16,198,0,198,0
48635,17,251,0,251,0
48635,18,77,0,77,0
48635,19,100,0,100,0
48635,20,233,0,233,0
48635,21,16,0,16,0
48635,22,239,0,239,0
48635,23,394,0,394,0
48635,24,96,0,96,0
48635,25,117,0,117,0
48635,26,89,0,89,0
48635,27,38,0,38,0
48635,28,168,0,168,0
48635,29,53,0,53,0
48635,30,138,0,138,0
48635,31,243,0,243,0
48635,32,60,0,60,0
48635,33,22,0,22,0
48635,34,6,0,6,0
49119,-3,31,0,31,0
49119,0,3,0,3,0
49119,1,61,0,61,0
49119,2,101,0,101,0
49119,3,66,0,66,0
49119,4,76,0,76,0
49119,5,21,0,21,0
49119,6,2,0,2,0
49119,7,117,0,117,0
49119,8,157,0,157,0
49119,9,271,0,271,0
49119,10,69,0,69,0
49119,11,8,0,8,0
49119,12,17,0,17,0
49119,14,4,0,4,0
49119,15,32,0,32,0
49119,16,4,0,4,0
49119,17,18,0,18,0
49119,18,1,0,1,0
49119,19,245,0,245,0
49119,20,18,0,18,0
49119,21,89,0,89,0
49119,22,11,0,11,0
49119,25,18,0,18,0
49119,26,100,0,100,0
49119,27,167,0,167,0
49119,28,418,0,418,0
49119,29,33,0,33,0
49119,31,24,0,24,0
49119,32,43,0,43,0
49119,33,14,0,14,0
49119,34,29,0,29,0
49123,0,70,0,70,0
49123,2,27,0,27,0
49123,3,12,0,12,0
49123,4,19,0,19,0
49123,5,89,0,89,0
49123,6,27,0,27,0
49123,8,6,0,6,0
49123,9,9,0,9,0
49123,10,78,0,78,0
49123,12,28,0,28,0
49123,13,28,0,28,0
49123,15,28,0,28,0
49123,16,57,0,57,0
49123,17,199,0,199,0
49123,18,56,0,56,0
49123,19,126,0,126,0
49123,20,71,0,71,0
49123,21,64,0,64,0
49123,22,9,0,9,0
49123,23,37,0,37,0
49123,24,12,0,12,0
49123,25,20,0,20,0
49123,26,102,0,102,0
49123,27,77,0,77,0
49123,28,23,0,23,0
49123,29,66,0,66,0
49123,30,3,0,3,0
49123,31,15,0,15,0
49123,32,4,0,4,0
49670,0,33,0,33,0
50069,-2,17,0,17,0
50069,-1,23,0,23,0
50069,1,34,0,34,0
50069,2,12,0,12,0
50069,3,6,0,6,0
50069,4,9,0,9,0
50069,5,5,0,5,0
50069,6,85,0,85,0
50069,8,5,0,5,0
50069,11,69,0,69,0
50069,14,22,0,22,0
50069,16,92,0,92,0
50069,18,53,0,53,0
50069,21,43,0,43,0
50069,27,8,0,8,0
50069,31,48,0,48,0
50263,-3,391,0,391,0
50263,-2,360,0,360,0
50263,-1,484,0,484,0
50263,0,298,0,298,0
50263,1,260,0,260,0
50263,2,748,0,748,0
50263,3,206,0,206,0
50263,4,210,0,210,0
50263,5,212,0,212,0
50263,6,50,0,50,0
50263,7,145,0,145,0
50263,8,113,0,113,0
50263,9,50,0,50,0
50263,10,69,0,69,0
50263,11,108,0,108,0
50263,12,91,0,91,0
50263,13,52,0,52,0
50263,14,45,0,45,0
50263,15,45,0,45,0
50263,16,1,0,1,0
50263,17,182,0,182,0
50263,18,130,0,130,0
50263,19,243,0,243,0
50263,20,266,0,266,0
50263,21,117,0,117,0
50263,22,399,0,399,0
50263,23,163,0,163,0
50263,24,232,0,232,0
50263,25,9,0,9,0
50263,26,45,0,45,0
50263,27,47,0,47,0
50263,28,31,0,31,0
50263,29,86,0,86,0
50263,30,276,0,276,0
50263,31,19,0,19,0
50263,32,17,0,17,0
50263,33,80,0,80,0
50263,34,8,0,8,0
50476,-3,49,0,49,0
50476,-1,92,0,92,0
50476,0,43,0,43,0
50476,1,31,0,31,0
50476,2,17,0,17,0
50476,4,5,0,5,0
50476,6,24,0,24,0
50476,7,19,0,19,0
50476,8,20,0,20,0
50476,9,14,0,14,0
50476,12,1,0,1,0
50476,14,9,0,9,0
50476,17,14,0,14,0
50476,18,29,0,29,0
50476,20,46,0,46,0
50476,21,1,0,1,0
50476,22,67,0,67,0
50476,23,9,0,9,0
50476,24,4,0,4,0
50476,25,1,0,1,0
50476,26,2,0,2,0
50476,28,6,0,6,0
50476,32,65,0,65,0
50487,-3,139,0,139,0
50487,-2,26,0,26,0
50487,-1,103,0,103,0
50487,0,117,0,117,0
50487,1,210,0,210,0
50487,2,232,0,232,0
50487,3,22,0,22,0
50487,4,208,0,208,0
50487,5,231,0,231,0
50487,6,93,0,93,0
50487,7,259,0,259,0
50487,8,337,0,337,0
50487,9,23,0,23,0
50487,10,115,0,115,0
50487,11,67,0,67,0
50487,12,80,0,80,0
50487,13,88,0,88,0
50487,14,128,0,128,0
50487,15,397,0,397,0
50487,16,1,0,1,0
50487,17,76,0,76,0
50487,18,185,0,185,0
50487,19,155,0,155,0
50487,20,236,0,236,0
50487,21,60,0,60,0
50487,22,149,0,149,0
50487,23,63,0,63,0
50487,24,74,0,74,0
50487,26,7,0,7,0
50487,27,47,0,47,0
50487,28,723,0,723,0
50487,29,102,0,102,0
50487,30,82,0,82,0
50487,31,94,0,94,0
50487,32,63,0,63,0
50487,33,5,0,5,0
50487,34,2,0,2,0
50487,36,17,0,17,0
50487,37,5,0,5,0
50610,-2,7,0,7,0
50610,-1,5,0,5,0
50610,1,1,0,1,0
50993,-1,5,0,5,0
50993,0,4,0,4,0
50993,2,34,0,34,0
50993,4,3,0,3,0
50993,5,26,0,26,0
50993,6,20,0,20,0
50993,7,13,0,13,0
50993,8,2,0,2,0
50993,10,21,0,21,0
50993,13,1,0,1,0
50993,14,1,0,1,0
50993,16,20,0,20,0
50993,18,1,0,1,0
50993,23,4,0,4,0
50993,24,21,0,21,0
51030,-3,28,0,28,0
51030,0,61,0,61,0
51030,1,14,0,14,0
51030,2,43,0,43,0
51030,3,32,0,32,0
51030,4,5,0,5,0
51030,5,29,0,29,0
51030,6,8,0,8,0
51030,7,98,0,98,0
51030,8,3,0,3,0
51030,9,23,0,23,0
51030,11,1,0,1,0
51030,12,1,0,1,0
51030,13,1,0,1,0
51030,14,16,0,16,0
51030,15,15,0,15,0
51030,16,17,0,17,0
51030,18,62,0,62,0
51030,19,34,0,34,0
51030,20,26,0,26,0
51030,21,73,0,73,0
51030,22,27,0,27,0
51030,23,6,0,6,0
51030,24,30,0,30,0
51030,25,17,0,17,0
51030,28,12,0,12,0
51030,29,15,0,15,0
51030,30,7,0,7,0
51030,31,44,0,44,0
51030,32,51,0,51,0
51030,33,5,0,5,0
51033,-4,4,0,4,0
51033,-3,25,0,25,0
51033,-2,63,0,63,0
51033,-1,139,0,139,0
51033,0,35,0,35,0
51033,1,14,0,14,0
51033,2,50,0,50,0
51033,3,54,0,54,0
51033,4,30,0,30,0
51033,5,4,0,4,0
51033,6,19,0,19,0
51033,7,84,0,84,0
51033,8,5,0,5,0
51033,9,30,0,30,0
51033,10,1,0,1,0
51033,11,42,0,42,0
51033,13,94,0,94,0
51033,15,4,0,4,0
51033,16,25,0,25,0
51033,17,48,0,48,0
51033,19,17,0,17,0
51033,20,18,0,18,0
51033,22,3,0,3,0
51033,23,20,0,20,0
51033,25,6,0,6,0
51033,27,22,0,22,0
51033,29,3,0,3,0
51033,30,3,0,3,0
51033,33,9,0,9,0
51033,34,42,0,42,0
51153,-4,80,0,80,0
51153,-3,1,0,1,0
51153,-2,11,0,11,0
51153,0,104,0,104,0
51153,1,59,0,59,0
51153,2,128,0,128,0
51153,3,186,0,186,0
51153,4,54,0,54,0
51153,5,54,0,54,0
51153,6,97,0,97,0
51153,7,12,0,12,0
51153,8,38,0,38,0
51153,9,38,0,38,0
51153,10,22,0,22,0
51153,11,13,0,13,0
51153,12,16,0,16,0
51153,13,11,0,11,0
51153,14,4,0,4,0
51153,15,12,0,12,0
51153,16,18,0,18,0
51153,18,11,0,11,0
51153,19,2,0,2,0
51153,20,34,0,34,0
51153,21,4,0,4,0
51153,23,3,0,3,0
51153,24,8,0,8,0
51153,26,2,0,2,0
51153,27,7,0,7,0
51153,28,66,0,66,0
51153,31,47,0,47,0
51153,32,26,0,26,0
51153,33,11,0,11,0
51163,-2,34,0,34,0
51163,0,16,0,16,0
51163,1,29,0,29,0
51163,2,1,0,1,0
51163,3,121,0,121,0
51163,4,3,0,3,0
51163,5,3,0,3,0
51163,7,72,0,72,0
51163,8,17,0,17,0
51163,9,3,0,3,0
51163,11,1,0,1,0
51163,12,25,0,25,0
51163,13,8,0,8,0
51163,14,102,0,102,0
51163,15,17,0,17,0
51163,16,31,0,31,0
51163,17,50,0,50,0
51163,18,70,0,70,0
51163,19,26,0,26,0
51163,22,21,0,21,0
51163,23,11,0,11,0
51163,24,8,0,8,0
51163,25,7,0,7,0
51163,26,31,0,31,0
51163,27,11,0,11,0
51163,28,68,0,68,0
51163,29,60,0,60,0
51163,30,42,0,42,0
51163,31,40,0,40,0
51163,32,40,0,40,0
51163,33,90,0,90,0
51163,34,109,0,109,0
51301,-2,9,0,9,0
51301,-1,88,0,88,0
51301,0,118,0,118,0
51301,1,79,0,79,0
51301,2,130,0,130,0
51301,3,58,0,58,0
51301,4,40,0,40,0
51301,5,104,0,104,0
51301,6,44,0,44,0
51485,-3,70,0,70,0
51485,-2,32,0,32,0
51485,-1,12,0,12,0
51485,0,11,0,11,0
51485,1,1,0,1,0
51485,2,184,0,184,0
51485,4,71,0,71,0
51485,5,67,0,67,0
51485,6,126,0,126,0
51485,7,6,0,6,0
51485,8,34,0,34,0
51485,9,3,0,3,0
51485,11,88,0,88,0
51485,12,69,0,69,0
51485,13,60,0,60,0
51485,15,35,0,35,0
51485,16,47,0,47,0
51485,17,81,0,81,0
51485,18,139,0,139,0
51485,20,28,0,28,0
51485,21,36,0,36,0
51485,22,73,0,73,0
51485,23,45,0,45,0
51485,24,424,0,424,0
51485,26,10,0,10,0
51485,28,4,0,4,0
51485,30,68,0,68,0
51485,31,2,0,2,0
51485,32,138,0,138,0
51485,33,764,0,764,0
51485,34,10,0,10,0
51485,35,6,0,6,0
51485,37,6,0,6,0
51576,-3,11,0,11,0
51576,-2,31,0,31,0
51576,-1,19,0,19,0
51576,0,19,0,19,0
51576,1,50,0,50,0
51576,2,647,0,647,0
51576,3,199,0,199,0
51576,4,336,0,336,0
51576,5,203,0,203,0
51576,6,219,0,219,0
51576,7,101,0,101,0
51576,8,15,0,15,0
51576,12,340,0,340,0
51576,13,152,0,152,0
51576,14,57,0,57,0
51576,15,821,0,821,0
51576,16,194,0,194,0
51576,17,150,0,150,0
51576,18,180,0,180,0
51576,19,50,0,50,0
51576,20,408,0,408,0
51576,21,359,0,359,0
51576,22,709,0,709,0
51576,23,18,0,18,0
51576,24,108,0,108,0
51576,27,13,0,13,0
51576,32,620,0,620,0
51576,33,68,0,68,0
51576,35,4,0,4,0
51955,-4,12,0,12,0
51955,-3,7,0,7,0
51955,-2,8,0,8,0
51955,-1,9,0,9,0
51955,0,22,0,22,0
51955,1,13,0,13,0
51955,2,14,0,14,0
51955,3,16,0,16,0
51955,5,53,0,53,0
51955,6,31,0,31,0
51955,7,10,0,10,0
51955,8,18,0,18,0
51955,9,22,0,22,0
51955,10,7,0,7,0
51955,11,9,0,9,0
51955,12,10,0,10,0
51955,13,18,0,18,0
51955,14,5,0,5,0
51955,15,8,0,8,0
51955,16,19,0,19,0
51955,17,6,0,6,0
51955,18,12,0,12,0
51955,20,16,0,16,0
51955,21,12,0,12,0
51955,22,7,0,7,0
51955,27,12,0,12,0
51955,28,7,0,7,0
51955,29,20,0,20,0
51955,35,1,0,1,0
51955,37,1,0,1,0
52014,1,13,0,13,0
52014,2,30,0,30,0
52014,3,22,0,22,0
52014,4,3,0,3,0
52014,5,2,0,2,0
52014,6,10,0,10,0
52014,7,70,0,70,0
52014,10,7,0,7,0
52014,11,14,0,14,0
52014,13,1,0,1,0
52014,14,1,0,1,0
52014,15,9,0,9,0
52014,16,26,0,26,0
52014,17,1,0,1,0
52014,18,3,0,3,0
52014,20,2,0,2,0
52014,21,31,0,31,0
52014,22,16,0,16,0
52014,23,59,0,59,0
52014,24,1,0,1,0
52014,27,13,0,13,0
52014,28,11,0,11,0
52014,32,4,0,4,0
52130,-1,6,0,6,0
52130,0,26,0,26,0
52130,1,65,0,65,0
52130,2,161,0,161,0
52130,3,93,0,93,0
52130,4,62,0,62,0
52130,5,37,0,37,0
52130,6,4,0,4,0
52130,7,105,0,105,0
52130,8,23,0,23,0
52130,9,75,0,75,0
52130,10,22,0,22,0
52130,11,29,0,29,0
52130,12,62,0,62,0
52130,13,3,0,3,0
52130,14,47,0,47,0
52130,15,26,0,26,0
52130,16,195,0,195,0
52130,17,4,0,4,0
52130,18,9,0,9,0
52130,19,27,0,27,0
52130,20,18,0,18,0
52130,21,31,0,31,0
52130,22,19,0,19,0
52130,23,54,0,54,0
52130,24,124,0,124,0
52130,25,59,0,59,0
52130,27,53,0,53,0
52130,28,67,0,67,0
52130,29,3,0,3,0
52130,30,126,0,126,0
52130,31,88,0,88,0
52130,32,85,0,85,0
52130,33,8,0,8,0
52130,34,75,0,75,0
52130,35,3,0,3,0
52275,-3,2,0,2,0
52275,1,29,0,29,0
52275,4,44,0,44,0
52275,5,16,0,16,0
52426,0,26,0,26,0
52426,2,2,0,2,0
52426,3,14,0,14,0
52426,9,12,0,12,0
52426,11,14,0,14,0
52702,-1,33,0,33,0
52702,1,7,0,7,0
52702,2,16,0,16,0
52702,3,19,0,19,0
52702,5,8,0,8,0
52702,7,8,0,8,0
52702,15,7,0,7,0
52702,18,1,0,1,0
52702,20,7,0,7,0
52702,21,52,0,52,0
52702,25,22,0,22,0
52702,32,143,0,143,0
52765,-3,385,0,385,0
52765,-2,219,0,219,0
52765,-1,286,0,286,0
52765,0,332,0,332,0
52765,1,297,0,297,0
52765,2,400,0,400,0
52765,3,255,0,255,0
52765,4,193,0,193,0
52765,5,217,0,217,0
52765,6,149,0,149,0
52765,7,172,0,172,0
52765,8,129,0,129,0
52765,9,137,0,137,0
52765,10,168,0,168,0
52765,11,30,0,30,0
52765,12,193,0,193,0
52765,13,85,0,85,0
52765,14,110,0,110,0
52765,15,86,0,86,0
52765,16,71,0,71,0
52765,17,72,0,72,0
52765,18,52,0,52,0
52765,19,94,0,94,0
52765,20,44,0,44,0
52765,21,72,0,72,0
52765,22,31,0,31,0
52765,23,65,0,65,0
52765,24,65,0,65,0
52765,25,101,0,101,0
52765,26,26,0,26,0
52765,27,93,0,93,0
52765,28,13,0,13,0
52765,29,50,0,50,0
52765,30,49,0,49,0
52765,31,53,0,53,0
52765,32,67,0,67,0
52765,33,16,0,16,0
52765,34,38,0,38,0
52765,35,13,0,13,0
52765,37,9,0,9,0
52765,38,1,0,1,0
52797,-2,33,0,33,0
52797,-1,3,0,3,0
52797,0,85,0,85,0
52797,2,81,0,81,0
52797,3,34,0,34,0
52797,4,54,0,54,0
52797,5,57,0,57,0
52797,6,14,0,14,0
52797,7,4,0,4,0
52797,8,34,0,34,0
52797,10,30,0,30,0
52797,12,18,0,18,0
52797,13,74,0,74,0
52797,14,30,0,30,0
52797,16,61,0,61,0
52797,17,40,0,40,0
52797,19,14,0,14,0
52797,20,2,0,2,0
52797,22,45,0,45,0
52797,23,41,0,41,0
52797,24,24,0,24,0
52797,25,82,0,82,0
52797,26,60,0,60,0
52797,27,26,0,26,0
52797,28,20,0,20,0
52797,29,16,0,16,0
52797,30,3,0,3,0
52797,32,33,0,33,0
52797,33,3,0,3,0
52797,34,96,0,96,0
52899,-2,84,0,84,0
52899,-1,469,0,469,0
52899,0,242,0,242,0
52899,1,126,0,126,0
52899,2,63,0,63,0
52899,3,201,0,201,0
52899,4,218,0,218,0
52899,5,68,0,68,0
52899,6,86,0,86,0
52899,7,31,0,31,0
52899,8,65,0,65,0
52899,9,2,0,2,0
52899,10,2,0,2,0
52899,11,27,0,27,0
52899,12,56,0,56,0
52899,13,57,0,57,0
52899,14,124,0,124,0
52899,15,120,0,120,0
52899,16,39,0,39,0
52899,17,4,0,4,0
52899,18,28,0,28,0
52899,19,73,0,73,0
52899,20,42,0,42,0
52899,21,16,0,16,0
52899,22,32,0,32,0
52899,23,82,0,82,0
52899,24,19,0,19,0
52899,25,2,0,2,0
52899,28,9,0,9,0
52899,29,2,0,2,0
52899,33,28,0,28,0
52899,34,49,0,49,0
52899,35,1,0,1,0
52899,36,1,0,1,0
53025,-1,176,0,176,0
53025,0,103,0,103,0
53025,1,103,0,103,0
53025,2,118,0,118,0
53025,3,58,0,58,0
53025,4,61,0,61,0
53025,5,33,0,33,0
53025,7,117,0,117,0
53025,8,93,0,93,0
53025,9,93,0,93,0
53025,10,164,0,164,0
53025,11,55,0,55,0
53025,12,68,0,68,0
53025,13,156,0,156,0
53025,14,47,0,47,0
53025,15,104,0,104,0
53025,16,113,0,113,0
53025,17,255,0,255,0
53025,18,12,0,12,0
53025,19,126,0,126,0
53025,20,132,0,132,0
53025,21,70,0,70,0
53025,22,71,0,71,0
53025,23,123,0,123,0
53025,24,149,0,149,0
53025,25,88,0,88,0
53025,26,75,0,75,0
53025,27,7,0,7,0
53025,28,45,0,45,0
53025,29,17,0,17,0
53025,30,89,0,89,0
53025,31,27,0,27,0
53025,32,50,0,50,0
53025,33,31,0,31,0
53025,34,101,0,101,0
53025,35,23,0,23,0
53025,36,5,0,5,0
53136,-1,4,0,4,0
53136,0,79,0,79,0
53136,1,32,0,32,0
53136,2,146,0,146,0
53136,3,287,0,287,0
53136,4,25,0,25,0
53136,5,49,0,49,0
53136,6,42,0,42,0
53136,7,22,0,22,0
53136,8,30,0,30,0
53136,9,200,0,200,0
53136,10,184,0,184,0
53136,11,73,0,73,0
53136,12,117,0,117,0
53136,13,79,0,79,0
53136,14,148,0,148,0
53136,15,71,0,71,0
53136,16,41,0,41,0
53136,17,237,0,237,0
53136,18,62,0,62,0
53136,19,79,0,79,0
53136,20,145,0,145,0
53136,21,107,0,107,0
53136,22,233,0,233,0
53136,23,248,0,248,0
53136,24,144,0,144,0
53136,25,129,0,129,0
53136,26,99,0,99,0
53136,27,35,0,35,0
53136,28,46,0,46,0
53136,29,219,0,219,0
53136,30,37,0,37,0
53136,31,36,0,36,0
53136,32,8,0,8,0
53166,-1,75,0,75,0
53166,0,78,0,78,0
53166,1,1,0,1,0
53166,2,87,0,87,0
53166,3,24,0,24,0
53166,4,49,0,49,0
53166,5,240,0,240,0
53166,6,39,0,39,0
53166,7,74,0,74,0
53166,8,20,0,20,0
53166,9,253,0,253,0
53166,10,424,0,424,0
53166,12,1,0,1,0
53166,13,209,0,209,0
53166,14,1,0,1,0
53166,15,61,0,61,0
53166,16,1,0,1,0
53166,17,29,0,29,0
53166,18,264,0,264,0
53166,19,12,0,12,0
53166,21,27,0,27,0
53166,22,82,0,82,0
53166,23,145,0,145,0
53166,24,129,0,129,0
53166,25,2,0,2,0
53166,26,68,0,68,0
53166,28,122,0,122,0
53166,32,70,0,70,0
53166,33,274,0,274,0
53197,4,8,0,8,0
53197,8,4,0,4,0
53197,11,14,0,14,0
53197,12,34,0,34,0
53236,-1,1,0,1,0
53236,0,42,0,42,0
53300,-3,35,0,35,0
53300,-2,31,0,31,0
53300,-1,97,0,97,0
53300,1,83,0,83,0
53300,2,15,0,15,0
53300,3,17,0,17,0
53300,4,32,0,32,0
53300,5,17,0,17,0
53300,6,24,0,24,0
53300,7,103,0,103,0
53300,8,27,0,27,0
53300,9,27,0,27,0
53300,10,7,0,7,0
53300,11,357,0,357,0
53300,12,77,0,77,0
53300,13,73,0,73,0
53300,14,4,0,4,0
53300,15,11,0,11,0
53300,16,49,0,49,0
53300,17,34,0,34,0
53300,18,5,0,5,0
53300,19,4,0,4,0
53300,20,9,0,9,0
53300,21,5,0,5,0
53300,22,13,0,13,0
53300,23,265,0,265,0
53300,25,52,0,52,0
53300,26,94,0,94,0
53300,27,77,0,77,0
53300,28,1,0,1,0
53300,29,5,0,5,0
53300,31,4,0,4,0
53300,32,88,0,88,0
53300,33,104,0,104,0
53300,34,111,0,111,0
53360,-1,18,0,18,0
53360,1,4,0,4,0
53488,-3,37,0,37,0
53488,-2,99,0,99,0
53488,-1,73,0,73,0
53488,0,57,0,57,0
53488,1,92,0,92,0
53488,2,10,0,10,0
53488,3,120,0,120,0
53488,4,21,0,21,0
53488,5,92,0,92,0
53488,6,75,0,75,0
53488,7,59,0,59,0
53488,9,32,0,32,0
53488,10,18,0,18,0
53488,11,77,0,77,0
53488,12,6,0,6,0
53488,14,8,0,8,0
53488,15,13,0,13,0
53488,16,47,0,47,0
53488,17,19,0,19,0
53488,18,177,0,177,0
53488,19,33,0,33,0
53488,20,41,0,41,0
53488,21,37,0,37,0
53488,22,3,0,3,0
53488,24,31,0,31,0
53488,27,8,0,8,0
53488,28,26,0,26,0
53488,29,12,0,12,0
53488,30,43,0,43,0
53488,31,14,0,14,0
53488,32,36,0,36,0
53488,33,10,0,10,0
53626,-2,18,0,18,0
53626,-1,7,0,7,0
53626,2,14,0,14,0
53632,-1,103,0,103,0
53632,0,33,0,33,0
53632,1,48,0,48,0
53632,2,84,0,84,0
53632,3,69,0,69,0
53632,4,1,0,1,0
53632,6,29,0,29,0
53632,7,7,0,7,0
53632,8,13,0,13,0
53632,9,17,0,17,0
53632,12,15,0,15,0
53632,14,7,0,7,0
53632,16,13,0,13,0
53632,17,14,0,14,0
53632,18,11,0,11,0
53632,19,11,0,11,0
53632,20,69,0,69,0
53632,21,14,0,14,0
53632,22,25,0,25,0
53709,0,165,0,165,0
53709,1,199,0,199,0
53709,2,262,0,262,0
53709,3,147,0,147,0
53709,4,180,0,180,0
53709,5,71,0,71,0
53709,6,169,0,169,0
53709,7,18,0,18,0
53709,8,10,0,10,0
53709,10,3,0,3,0
53709,11,65,0,65,0
53709,12,45,0,45,0
53709,13,127,0,127,0
53709,14,3,0,3,0
53709,16,416,0,416,0
53709,17,124,0,124,0
53709,18,80,0,80,0
53709,19,51,0,51,0
53709,22,30,0,30,0
53709,23,48,0,48,0
53709,24,107,0,107,0
53709,25,24,0,24,0
53709,26,346,0,346,0
53709,27,10,0,10,0
53709,29,24,0,24,0
53709,30,20,0,20,0
53709,31,102,0,102,0
53709,32,47,0,47,0
53709,33,13,0,13,0
53709,34,4,0,4,0
53895,0,3,0,3,0
53895,6,23,0,23,0
53895,7,30,0,30,0
53895,8,9,0,9,0
54062,-3,2,0,2,0
54062,0,11,0,11,0
54062,1,67,0,67,0
54062,2,185,0,185,0
54062,3,13,0,13,0
54062,4,136,0,136,0
54062,5,48,0,48,0
54062,6,83,0,83,0
54062,7,64,0,64,0
54062,8,76,0,76,0
54062,9,73,0,73,0
54062,11,3,0,3,0
54062,12,9,0,9,0
54062,15,1,0,1,0
54062,16,10,0,10,0
54062,17,54,0,54,0
54062,18,114,0,114,0
54062,19,48,0,48,0
54062,20,10,0,10,0
54062,21,82,0,82,0
54062,22,222,0,222,0
54062,23,3,0,3,0
54062,24,6,0,6,0
54062,25,9,0,9,0
54062,27,16,0,16,0
54062,28,6,0,6,0
54062,30,6,0,6,0
54062,31,1,0,1,0
54062,32,166,0,166,0
54062,33,91,0,91,0
54062,34,7,0,7,0
54062,38,2,0,2,0
54388,-1,42,0,42,0
54391,2,84,0,84,0
54391,3,14,0,14,0
54391,4,9,0,9,0
54391,9,57,0,57,0
54391,13,5,0,5,0
54391,14,10,0,10,0
54810,-4,4,0,4,0
54810,-2,3,0,3,0
54810,-1,2,0,2,0
54810,0,20,0,20,0
54810,1,14,0,14,0
54810,2,7,0,7,0
54810,3,44,0,44,0
54810,4,11,0,11,0
54810,5,5,0,5,0
54810,6,7,0,7,0
54810,7,124,0,124,0
54810,8,2,0,2,0
54810,9,1,0,1,0
54810,11,36,0,36,0
54810,13,1,0,1,0
54810,14,11,0,11,0
54810,15,10,0,10,0
54810,16,23,0,23,0
54810,17,3,0,3,0
54810,18,1,0,1,0
54810,19,5,0,5,0
54810,20,26,0,26,0
54810,21,78,0,78,0
54810,22,3,0,3,0
54810,24,6,0,6,0
54810,25,12,0,12,0
54810,26,1,0,1,0
54810,27,10,0,10,0
54810,28,60,0,60,0
54810,29,15,0,15,0
54810,30,1,0,1,0
54810,33,8,0,8,0
54810,34,147,0,147,0
54867,-3,5,0,5,0
54867,-1,87,0,87,0
54867,0,339,0,339,0
54867,1,57,0,57,0
54867,2,35,0,35,0
54867,3,52,0,52,0
54867,4,29,0,29,0
54882,-3,28,0,28,0
54882,-2,7,0,7,0
54882,-1,22,0,22,0
54882,0,1,0,1,0
54882,1,2,0,2,0
54882,2,49,0,49,0
54882,4,10,0,10,0
54882,5,54,0,54,0
54882,6,38,0,38,0
54882,9,19,0,19,0
54882,11,12,0,12,0
54882,13,88,0,88,0
54882,14,4,0,4,0
54882,15,1,0,1,0
54882,16,13,0,13,0
54882,18,92,0,92,0
54882,19,1,0,1,0
54882,23,1,0,1,0
54882,24,50,0,50,0
54882,25,1,0,1,0
54882,29,2,0,2,0
54882,36,3,0,3,0
55013,-3,4,0,4,0
55013,-1,2,0,2,0
55013,0,83,0,83,0
55013,1,25,0,25,0
55013,2,56,0,56,0
55013,3,18,0,18,0
55013,4,22,0,22,0
55013,5,157,0,157,0
55013,6,35,0,35,0
55013,7,3,0,3,0
55013,8,1,0,1,0
55013,12,23,0,23,0
55013,13,47,0,47,0
55013,14,57,0,57,0
55013,17,23,0,23,0
55013,18,48,0,48,0
55026,-1,8,0,8,0
55026,0,4,0,4,0
55026,1,49,0,49,0
55026,2,45,0,45,0
55026,3,12,0,12,0
55026,4,2,0,2,0
55026,5,2,0,2,0
55026,6,1,0,1,0
55026,7,13,0,13,0
55026,11,11,0,11,0
55026,16,1,0,1,0
55026,17,14,0,14,0
55026,18,2,0,2,0
55026,19,3,0,3,0
55026,20,12,0,12,0
55026,22,14,0,14,0
55026,23,26,0,26,0
55026,24,5,0,5,0
55026,25,7,0,7,0
55026,27,1,0,1,0
55026,29,36,0,36,0
55026,34,15,0,15,0
55104,-4,132,0,132,0
55104,-3,70,0,70,0
55104,-2,36,0,36,0
55104,-1,118,0,118,0
55104,0,93,0,93,0
55104,1,27,0,27,0
55104,2,126,0,126,0
55104,4,50,0,50,0
55104,5,53,0,53,0
55104,7,43,0,43,0
55104,8,8,0,8,0
55104,9,5,0,5,0
55104,10,1,0,1,0
55104,13,56,0,56,0
55104,14,82,0,82,0
55104,15,46,0,46,0
55104,16,86,0,86,0
55104,17,39,0,39,0
55104,18,8,0,8,0
55104,19,31,0,31,0
55104,20,30,0,30,0
55104,21,10,0,10,0
55104,22,42,0,42,0
55104,23,28,0,28,0
55104,25,7,0,7,0
55104,26,3,0,3,0
55104,27,33,0,33,0
55104,28,24,0,24,0
55104,29,28,0,28,0
55104,30,46,0,46,0
55104,31,14,0,14,0
55104,34,92,0,92,0
55104,37,13,0,13,0
55242,3,6,0,6,0
55242,5,2,0,2,0
55242,9,3,0,3,0
55242,12,2,0,2,0
55419,-2,18,0,18,0
55419,-1,3,0,3,0
55419,0,36,0,36,0
55419,1,60,0,60,0
55419,2,157,0,157,0
55419,4,1,0,1,0
55450,1,84,0,84,0
55450,2,100,0,100,0
55450,3,59,0,59,0
55450,4,16,0,16,0
55450,5,98,0,98,0
55450,6,184,0,184,0
55450,9,13,0,13,0
55450,10,92,0,92,0
55450,11,76,0,76,0
55450,12,245,0,245,0
55450,14,4,0,4,0
55450,17,26,0,26,0
55450,19,123,0,123,0
55450,20,1,0,1,0
55450,21,9,0,9,0
55450,23,65,0,65,0
55968,-2,16,0,16,0
55968,-1,37,0,37,0
55968,0,15,0,15,0
55968,1,153,0,153,0
55968,2,26,0,26,0
55968,3,57,0,57,0
55968,4,8,0,8,0
55968,5,8,0,8,0
55968,6,91,0,91,0
55968,7,43,0,43,0
55968,8,15,0,15,0
55968,9,15,0,15,0
55968,10,3,0,3,0
55968,11,65,0,65,0
55968,13,3,0,3,0
55968,14,1,0,1,0
55968,16,15,0,15,0
55968,17,1,0,1,0
55968,18,3,0,3,0
55968,29,3,0,3,0
56340,3,4,0,4,0
56637,-3,63,0,63,0
56637,-2,10,0,10,0
56637,-1,81,0,81,0
56637,0,452,0,452,0
56637,1,323,0,323,0
56637,2,240,0,240,0
56637,3,135,0,135,0
56637,4,261,0,261,0
56637,5,225,0,225,0
56637,6,62,0,62,0
56637,7,183,0,183,0
56637,8,336,0,336,0
56637,9,405,0,405,0
56637,10,116,0,116,0
56637,11,78,0,78,0
56637,12,71,0,71,0
56637,13,131,0,131,0
56637,14,199,0,199,0
56637,15,203,0,203,0
56637,16,99,0,99,0
56637,17,35,0,35,0
56637,18,58,0,58,0
56637,19,138,0,138,0
56637,20,83,0,83,0
56637,21,103,0,103,0
56637,22,263,0,263,0
56637,23,75,0,75,0
56637,24,156,0,156,0
56637,25,62,0,62,0
56637,27,48,0,48,0
56637,28,31,0,31,0
56637,29,213,0,213,0
56637,30,220,0,220,0
56637,31,128,0,128,0
56637,32,41,0,41,0
56637,33,42,0,42,0
56637,34,71,0,71,0
56667,-3,38,0,38,0
56667,-2,7,0,7,0
56667,-1,1,0,1,0
56667,0,1,0,1,0
56667,3,53,0,53,0
56667,6,1,0,1,0
56667,7,6,0,6,0
56667,8,12,0,12,0
56667,9,4,0,4,0
56667,13,1,0,1,0
56667,14,36,0,36,0
56667,15,1,0,1,0
56667,18,5,0,5,0
56667,21,78,0,78,0
56667,34,609,0,609,0
56789,-2,3,0,3,0
56789,-1,77,0,77,0
56789,0,18,0,18,0
56789,2,9,0,9,0
56789,3,17,0,17,0
56789,4,2,0,2,0
56789,5,18,0,18,0
56789,6,36,0,36,0
56789,7,1,0,1,0
56789,8,2,0,2,0
56789,10,16,0,16,0
56789,11,8,0,8,0
56789,12,42,0,42,0
56789,13,8,0,8,0
56789,16,13,0,13,0
56789,17,5,0,5,0
56789,18,1,0,1,0
56789,21,24,0,24,0
56789,22,11,0,11,0
56789,23,22,0,22,0
56789,29,23,0,23,0
56789,30,1,0,1,0
56789,34,22,0,22,0
57079,-1,13,0,13,0
57079,0,55,0,55,0
57079,1,4,0,4,0
57079,2,39,0,39,0
57079,4,1,0,1,0
57079,5,60,0,60,0
57079,6,37,0,37,0
57079,7,68,0,68,0
57079,8,61,0,61,0
57079,9,48,0,48,0
57079,12,3,0,3,0
57079,13,29,0,29,0
57079,14,10,0,10,0
57079,17,19,0,19,0
57079,18,35,0,35,0
57079,19,60,0,60,0
57079,20,12,0,12,0
57079,21,24,0,24,0
57079,22,23,0,23,0
57079,23,99,0,99,0
57079,25,1,0,1,0
57079,29,44,0,44,0
57079,32,1,0,1,0
57079,33,9,0,9,0
57079,34,1,0,1,0
57079,35,4,0,4,0
57079,36,15,0,15,0
57079,37,1,0,1,0
57227,-3,36,0,36,0
57227,-2,28,0,28,0
57227,-1,102,0,102,0
57227,0,29,0,29,0
57227,1,34,0,34,0
57227,2,11,0,11,0
57227,3,116,0,116,0
57227,4,62,0,62,0
57227,5,24,0,24,0
57227,6,144,0,144,0
57227,7,123,0,123,0
57227,8,70,0,70,0
57227,9,25,0,25,0
57227,10,8,0,8,0
57227,12,36,0,36,0
57227,13,6,0,6,0
57227,14,7,0,7,0
57227,17,12,0,12,0
57227,18,19,0,19,0
57227,19,35,0,35,0
57227,20,7,0,7,0
57227,21,57,0,57,0
57227,22,41,0,41,0
57227,23,15,0,15,0
57227,24,18,0,18,0
57227,27,6,0,6,0
57227,28,8,0,8,0
57227,29,43,0,43,0
57227,30,152,0,152,0
57227,31,57,0,57,0
57227,32,63,0,63,0
57227,33,24,0,24,0
57227,35,4,0,4,0
57227,36,3,0,3,0
57285,0,1,0,1,0
57285,1,15,0,15,0
57285,5,34,0,34,0
57285,15,15,0,15,0
57285,21,185,0,185,0
57285,28,33,0,33,0
57340,-3,3,0,3,0
57340,-2,8,0,8,0
57340,-1,2,0,2,0
57340,0,4,0,4,0
57340,2,82,0,82,0
57340,3,3,0,3,0
57340,4,29,0,29,0
57340,5,37,0,37,0
57340,6,7,0,7,0
57340,7,17,0,17,0
57340,8,241,0,241,0
57340,11,9,0,9,0
57340,12,3,0,3,0
57340,13,7,0,7,0
57340,14,29,0,29,0
57340,15,13,0,13,0
57340,17,13,0,13,0
57340,18,12,0,12,0
57340,19,222,0,222,0
57340,20,9,0,9,0
57340,21,5,0,5,0
57340,23,1,0,1,0
57340,24,13,0,13,0
57340,25,1,0,1,0
57340,26,44,0,44,0
57340,27,10,0,10,0
57340,28,190,0,190,0
57340,29,43,0,43,0
57340,30,18,0,18,0
57340,32,15,0,15,0
57359,-2,104,0,104,0
57359,-1,67,0,67,0
57359,0,46,0,46,0
57506,-2,7,0,7,0
57506,-1,132,0,132,0
57506,0,113,0,113,0
57506,1,68,0,68,0
57506,2,154,0,154,0
57506,3,41,0,41,0
57506,4,64,0,64,0
57506,5,32,0,32,0
57506,6,69,0,69,0
57506,7,17,0,17,0
57506,9,39,0,39,0
57506,10,27,0,27,0
57506,11,15,0,15,0
57506,13,50,0,50,0
57506,14,28,0,28,0
57506,15,9,0,9,0
57506,16,54,0,54,0
57506,17,38,0,38,0
57506,18,16,0,16,0
57506,19,7,0,7,0
57506,20,25,0,25,0
57506,21,18,0,18,0
57506,22,17,0,17,0
57506,23,22,0,22,0
57506,24,20,0,20,0
57506,25,3,0,3,0
57506,26,15,0,15,0
57506,28,15,0,15,0
57506,30,87,0,87,0
57506,31,18,0,18,0
57506,32,26,0,26,0
57506,33,21,0,21,0
57506,34,52,0,52,0
57818,-3,28,0,28,0
57818,-2,169,0,169,0
57818,-1,111,0,111,0
57818,0,200,0,200,0
57818,1,148,0,148,0
57818,2,144,0,144,0
57818,3,131,0,131,0
57818,4,119,0,119,0
57818,5,52,0,52,0
57818,6,60,0,60,0
57818,7,58,0,58,0
57818,8,29,0,29,0
57818,9,36,0,36,0
57818,10,20,0,20,0
57818,11,54,0,54,0
57818,12,48,0,48,0
57818,13,13,0,13,0
57818,14,77,0,77,0
57818,15,44,0,44,0
57818,16,61,0,61,0
57818,17,61,0,61,0
57818,18,146,0,146,0
57818,19,311,0,311,0
57818,20,124,0,124,0
57818,21,99,0,99,0
57818,22,135,0,135,0
57818,23,51,0,51,0
57818,24,144,0,144,0
57818,25,46,0,46,0
57818,26,77,0,77,0
57818,27,30,0,30,0
57818,28,37,0,37,0
57818,29,46,0,46,0
57818,30,40,0,40,0
57818,31,41,0,41,0
57818,32,36,0,36,0
57818,33,9,0,9,0
57818,35,1,0,1,0
57818,36,1,0,1,0
57844,-3,57,0,57,0
57844,-2,10,0,10,0
57844,-1,14,0,14,0
57844,0,1,0,1,0
57844,1,39,0,39,0
57844,2,6,0,6,0
57844,5,1,0,1,0
57844,6,42,0,42,0
57844,7,1,0,1,0
57844,8,9,0,9,0
